model,sources,first_utc,last_utc,time,media,saved,saved_bytes,saved_human,network_bytes,network_human,skipped,dupes,failed,oversized,run_errors,no_structured_finish
"abigailgray256","3","2026-06-01T11:35:35.900Z","2026-06-01T11:38:00.656Z","2.3m","1397","0","0","0 B","305659686","291 MB","1128","964","0","0","0","1"
"acdc34434_laura_fatty","3","2026-06-01T11:38:04.153Z","2026-06-01T11:41:09.242Z","2.9m","1882","0","0","0 B","0","0 B","1663","923","219","0","0","1"
"agirlwholikestoeat","4","2026-06-01T11:41:18.717Z","2026-06-01T12:15:20.210Z","33m","7622","2","1109528","1.1 MB","613268967","585 MB","3697","3381","3920","0","0","1"
"ailihex","3","2026-06-01T12:15:24.581Z","2026-06-01T12:15:47.363Z","0.1m","617","0","0","0 B","35029","34 KB","616","531","0","0","0","1"
"alissbonyt","2","2026-06-01T12:16:34.353Z","2026-06-01T12:27:21.951Z","11m","5225","0","0","0 B","159922303","153 MB","5201","3773","10","0","0","1"
"anybodylost6726","3","2026-06-01T12:27:26.425Z","2026-06-01T12:29:07.692Z","1.5m","1055","2","2773384","2.6 MB","13367773","13 MB","1041","371","0","0","0","1"
"arilove","1","2026-06-01T12:29:11.860Z","2026-06-01T12:29:15.899Z","0.1m","82","0","0","0 B","0","0 B","82","0","0","0","0","1"
"azismiss","3","2026-06-01T12:29:17.770Z","2026-06-01T12:32:20.232Z","2.9m","209","2","57016","56 KB","46938399","45 MB","203","79","0","0","0","1"
"babypinkcow","2","2026-06-01T12:32:22.938Z","2026-06-01T12:32:36.921Z","0.2m","103","0","0","0 B","15874742","15 MB","57","79","0","0","0","1"
"bbw_bonnie","1","2026-06-01T12:33:05.254Z","2026-06-01T12:34:07.923Z","1.0m","2181","0","0","0 B","0","0 B","2181","2181","0","0","0","0"
"bbw_breanna","1","2026-06-01T12:34:15.048Z","2026-06-01T12:34:18.111Z","0.1m","14","0","0","0 B","0","0 B","14","0","0","0","0","1"
"bbw_demetra","3","2026-06-01T12:34:20.602Z","2026-06-01T12:34:54.478Z","0.4m","895","0","0","0 B","0","0 B","894","887","1","0","0","1"
"bbwbellla","3","2026-06-01T12:34:57.774Z","2026-06-01T12:38:43.762Z","3.4m","2457","2","404550","395 KB","12337565","12 MB","2436","2436","5","0","0","1"
"beccabae","2","2026-06-01T12:38:45.731Z","2026-06-01T12:40:16.177Z","1.5m","866","3","291649","285 KB","0","0 B","859","4","0","0","0","1"
"bella_abbondanza","3","2026-06-01T12:40:18.709Z","2026-06-01T12:41:14.073Z","0.5m","1423","0","0","0 B","24279","24 KB","1421","1297","1","0","0","1"
"bellasky_","2","2026-06-01T12:41:28.277Z","2026-06-01T12:41:50.957Z","0.3m","1512","0","0","0 B","3157520","3.0 MB","1481","1346","1","0","0","1"
"bellissimobelly","2","2026-06-01T12:41:54.324Z","2026-06-01T12:43:46.110Z","1.4m","194","76","1126709880","1.0 GB","1233875397","1.1 GB","52","66","0","0","0","1"
"bigbravebabe","1","2026-06-01T12:43:48.666Z","2026-06-01T12:43:52.146Z","0.1m","33","0","0","0 B","0","0 B","33","0","0","0","0","1"
"bit-chh","2","2026-06-01T12:43:55.999Z","2026-06-01T12:45:09.864Z","1.1m","177","57","95427284","91 MB","149413058","142 MB","80","40","0","0","0","1"
"blondiee188","2","2026-06-01T12:45:20.824Z","2026-06-01T12:51:39.744Z","5.9m","935","285","476276298","454 MB","690190303","658 MB","361","289","0","0","0","1"
"bodylovebritt","2","2026-06-01T12:51:46.835Z","2026-06-01T13:39:17.269Z","47m","338","0","0","0 B","958490969","914 MB","335","251","0","0","0","1"
"bustyy_b3lle","2","2026-06-01T13:39:43.077Z","2026-06-01T13:49:05.631Z","8.4m","1289","509","1548405750","1.4 GB","1999811423","1.9 GB","170","610","0","0","0","1"
"cakedupkayyla","5","2026-06-01T13:49:08.527Z","2026-06-01T13:50:05.691Z","0.6m","1180","0","0","0 B","21098241","20 MB","1175","958","0","0","0","3"
"candii_kayn","3","2026-06-01T13:50:09.203Z","2026-06-01T13:52:55.495Z","2.6m","614","12","7101503","6.8 MB","110812335","106 MB","538","602","0","0","0","1"
"carmen_lafox","1","2026-06-01T13:52:57.573Z","2026-06-01T13:53:00.848Z","0.1m","134","0","0","0 B","0","0 B","134","0","0","0","0","1"
"cassandracavallieri","7","2026-06-01T13:53:03.831Z","2026-06-01T13:59:18.060Z","4.2m","1573","121","4968210023","4.6 GB","6972981226","6.5 GB","1407","1064","0","0","0","5"
"cecehectori","3","2026-06-01T13:59:48.535Z","2026-06-01T14:03:51.627Z","3.9m","4401","0","0","0 B","439047","429 KB","4376","4350","10","0","0","2"
"cherryxbomb69x","2","2026-06-01T14:03:56.569Z","2026-06-01T14:05:11.020Z","1.0m","250","53","375334856","358 MB","1664815567","1.6 GB","34","163","0","0","0","1"
"chloe_curvingchloe_bigcuties_","1","2026-06-01T14:05:13.272Z","2026-06-01T14:06:38.627Z","1.4m","780","0","0","0 B","0","0 B","778","2","0","0","0","1"
"chubbycat666","1","2026-06-01T14:06:46.961Z","2026-06-01T14:07:02.712Z","0.3m","245","0","0","0 B","0","0 B","245","0","0","0","0","1"
"chubbychiquita","4","2026-06-01T14:07:04.893Z","2026-06-01T17:07:48.974Z","2h 57m","1509","52","17744407551","17 GB","17768378030","17 GB","1444","1250","2","0","0","2"
"couchqueenie","2","2026-06-01T17:08:20.631Z","2026-06-01T17:31:44.734Z","19m","2399","888","12831469423","12 GB","14782914776","14 GB","1173","337","1","0","0","1"
"cowcake","2","2026-06-01T17:31:47.547Z","2026-06-01T17:31:53.034Z","0.1m","44","0","0","0 B","0","0 B","44","0","0","0","0","1"
"creative_load_2311","2","2026-06-01T17:31:55.639Z","2026-06-01T17:32:28.780Z","0.5m","56","21","35432483","34 MB","47194789","45 MB","11","24","0","0","0","1"
"curvage_casey","2","2026-06-01T17:32:30.984Z","2026-06-01T17:33:01.672Z","0.4m","410","0","0","0 B","0","0 B","410","0","0","0","0","2"
"curvyberardi","1","2026-06-01T17:33:09.664Z","2026-06-01T17:33:13.476Z","0.1m","132","0","0","0 B","0","0 B","132","0","0","0","0","1"
"curvygothgf","3","2026-06-01T17:33:18.294Z","2026-06-01T17:34:43.867Z","1.3m","226","50","21295612","20 MB","57361728","55 MB","69","108","0","0","0","1"
"cutiehex","1","2026-06-01T17:34:48.210Z","2026-06-01T17:34:51.476Z","0.1m","18","0","0","0 B","0","0 B","18","0","0","0","0","1"
"darya_smirnova","1","2026-06-01T17:34:53.702Z","2026-06-01T17:35:09.043Z","0.3m","188","0","0","0 B","0","0 B","188","0","0","0","0","1"
"devi_thikk","1","2026-06-01T17:35:11.333Z","2026-06-01T17:35:51.484Z","0.7m","567","0","0","0 B","0","0 B","567","0","0","0","0","1"
"distorsion_foodie","3","2026-06-01T17:36:17.869Z","2026-06-01T17:42:18.918Z","4.3m","1112","520","3756340866","3.5 GB","4522982019","4.2 GB","485","549","0","0","0","1"
"doubledenise","1","2026-06-01T17:42:21.283Z","2026-06-01T17:43:10.297Z","0.8m","397","0","0","0 B","0","0 B","397","0","0","0","0","1"
"elea-goddess","3","2026-06-01T17:43:26.866Z","2026-06-01T17:52:01.367Z","7.7m","1880","361","1361163688","1.3 GB","5197008001","4.8 GB","344","1174","1","0","0","2"
"electriclolaaa","2","2026-06-01T17:52:03.886Z","2026-06-01T17:52:32.941Z","0.4m","34","16","11848116","11 MB","15594964","15 MB","9","9","0","0","0","1"
"erika_lipps","1","2026-06-01T17:52:40.928Z","2026-06-01T17:53:15.576Z","0.6m","31","0","0","0 B","0","0 B","31","0","0","0","0","1"
"fat_ass_ruby","1","2026-06-01T17:53:24.556Z","2026-06-01T17:53:27.893Z","0.1m","60","0","0","0 B","0","0 B","60","0","0","0","0","1"
"fatmerida","3","2026-06-01T17:53:30.202Z","2026-06-01T17:54:35.049Z","0.7m","613","25","12970850","12 MB","28730490","27 MB","554","482","0","0","0","1"
"fatteningprincess","2","2026-06-01T17:54:38.235Z","2026-06-01T17:56:31.420Z","1.4m","754","34","139093166","133 MB","277567598","265 MB","668","52","0","0","0","1"
"fattiebaddie","2","2026-06-01T17:56:36.805Z","2026-06-01T17:56:48.770Z","0.1m","280","0","0","0 B","0","0 B","280","275","0","0","0","1"
"feederandfeedee","3","2026-06-01T17:56:52.934Z","2026-06-01T20:12:48.395Z","2h 15m","5199","39","61187862","58 MB","5482861132","5.1 GB","4944","4731","11","0","0","1"
"freya","1","2026-06-01T20:12:59.585Z","2026-06-01T20:13:54.772Z","0.9m","457","0","0","0 B","0","0 B","457","0","0","0","0","1"
"goddess_shar","1","2026-06-01T20:13:58.570Z","2026-06-01T20:14:06.287Z","0.1m","221","0","0","0 B","0","0 B","221","0","0","0","0","1"
"gurlinaura","2","2026-06-01T20:14:32.416Z","2026-06-01T20:37:23.947Z","17m","1749","809","20087721491","19 GB","38307110210","36 GB","336","604","0","0","0","1"
"hellysbigfatstash","1","2026-06-01T20:37:28.073Z","2026-06-01T20:37:31.952Z","0.1m","4","0","0","0 B","0","0 B","4","0","0","0","0","1"
"here_p1ggy","3","2026-06-01T20:37:40.805Z","2026-06-01T20:40:31.734Z","2.5m","747","104","501049431","478 MB","772952983","737 MB","605","329","0","0","0","1"
"heyyadriana","1","2026-06-01T20:40:34.103Z","2026-06-01T20:40:39.696Z","0.1m","19","0","0","0 B","0","0 B","19","0","0","0","0","1"
"housecow","2","2026-06-01T20:40:44.554Z","2026-06-01T20:40:54.432Z","0.1m","340","1","316846","309 KB","0","0 B","339","293","0","0","0","1"
"hungrylilkitty1","1","2026-06-01T20:40:59.143Z","2026-06-01T20:41:03.367Z","0.1m","132","0","0","0 B","0","0 B","132","0","0","0","0","1"
"jam_jiggle","1","2026-06-01T20:41:06.122Z","2026-06-01T20:41:10.210Z","0.1m","43","0","0","0 B","0","0 B","43","0","0","0","0","1"
"jasminexo2000","2","2026-06-01T20:41:18.868Z","2026-06-01T20:41:37.073Z","0.1m","272","0","0","0 B","0","0 B","272","191","0","0","0","1"
"juicyangel","1","2026-06-01T20:41:40.491Z","2026-06-01T20:41:42.725Z","0.0m","29","0","0","0 B","0","0 B","29","0","0","0","0","1"
"kayla_paolini","1","2026-06-01T20:41:45.060Z","2026-06-01T20:42:10.282Z","0.4m","448","0","0","0 B","0","0 B","447","1","0","0","0","1"
"kellijellibelli","2","2026-06-01T20:43:00.212Z","2026-06-01T21:03:12.908Z","20m","3251","0","0","0 B","247387926","236 MB","3235","3065","3","0","0","1"
"kitty_piggy","1","2026-06-01T21:03:16.044Z","2026-06-01T21:03:56.797Z","0.7m","657","0","0","0 B","0","0 B","656","1","0","0","0","1"
"kkupid05","1","2026-06-01T21:03:58.868Z","2026-06-01T21:03:58.870Z","0.0m","0","0","0","0 B","0","0 B","0","0","0","0","0","0"
"lana2002x","1","2026-06-01T21:04:15.701Z","2026-06-01T21:04:29.705Z","0.2m","159","0","0","0 B","0","0 B","159","0","0","0","0","1"
"lanabells221","2","2026-06-01T21:05:05.346Z","2026-06-01T21:12:27.770Z","7.3m","1426","9","56891062","54 MB","921877983","879 MB","625","1219","0","0","0","1"
"laura_the_foodie","1","2026-06-01T21:12:30.901Z","2026-06-01T21:12:37.526Z","0.1m","126","0","0","0 B","0","0 B","126","0","0","0","0","1"
"laurenlushh","2","2026-06-01T21:12:39.856Z","2026-06-01T21:12:53.026Z","0.2m","10","0","0","0 B","0","0 B","10","0","0","0","0","2"
"lilmamakay","1","2026-06-01T21:12:55.274Z","2026-06-01T21:13:46.332Z","0.9m","160","0","0","0 B","0","0 B","160","0","0","0","0","1"
"lisaloussbbw","2","2026-06-01T21:14:09.472Z","2026-06-01T21:20:35.066Z","6.4m","4239","0","0","0 B","74833049","71 MB","4223","4168","10","2","0","1"
"littlecurvydevil","1","2026-06-01T21:20:43.259Z","2026-06-01T21:20:50.453Z","0.1m","173","0","0","0 B","0","0 B","173","0","0","0","0","1"
"livpat3","2","2026-06-01T21:20:57.708Z","2026-06-01T21:21:17.331Z","0.2m","797","0","0","0 B","0","0 B","797","753","0","0","0","1"
"lrm_bbw","2","2026-06-01T21:21:22.360Z","2026-06-01T21:21:35.560Z","0.2m","511","0","0","0 B","0","0 B","511","346","0","0","0","1"
"mamahorker_amanda_faye","1","2026-06-01T21:21:37.723Z","2026-06-01T21:22:16.711Z","0.6m","327","0","0","0 B","0","0 B","319","8","0","0","0","1"
"margot_bbw","1","2026-06-01T21:22:19.137Z","2026-06-01T21:22:22.989Z","0.1m","127","0","0","0 B","0","0 B","127","0","0","0","0","1"
"maria_alive","1","2026-06-01T21:22:28.605Z","2026-06-01T21:23:42.193Z","1.2m","469","0","0","0 B","0","0 B","469","0","0","0","0","1"
"mary_boberry","1","2026-06-01T21:23:44.630Z","2026-06-01T21:23:57.470Z","0.2m","278","0","0","0 B","0","0 B","278","0","0","0","0","1"
"mistress_bianca","1","2026-06-01T21:24:01.535Z","2026-06-01T21:24:05.409Z","0.1m","54","0","0","0 B","0","0 B","54","0","0","0","0","1"
"mochii_babii","1","2026-06-01T21:24:08.289Z","2026-06-01T21:26:48.949Z","2.7m","1404","0","0","0 B","0","0 B","1402","2","0","0","0","1"
"moonikuko","3","2026-06-01T21:26:54.087Z","2026-06-01T21:30:51.410Z","3.6m","2746","0","0","0 B","88075014","84 MB","2698","2718","0","0","0","1"
"mskristinaxo","2","2026-06-01T21:31:00.793Z","2026-06-01T21:31:14.015Z","0.1m","114","0","0","0 B","0","0 B","114","0","0","0","0","2"
"muffinmaid","1","2026-06-01T21:31:19.433Z","2026-06-01T21:31:29.043Z","0.2m","130","0","0","0 B","0","0 B","130","0","0","0","0","1"
"myfatblondegf","3","2026-06-01T21:31:54.616Z","2026-06-02T00:44:46.997Z","3h 6m","1622","1265","20218137347","19 GB","21879800891","20 GB","290","66","1","0","0","2"
"natygetsfatty","1","2026-06-02T00:44:56.515Z","2026-06-02T00:45:00.086Z","0.1m","87","0","0","0 B","0","0 B","87","0","0","0","0","1"
"nora_ell","1","2026-06-02T00:45:05.772Z","2026-06-02T00:45:08.493Z","0.0m","81","0","0","0 B","0","0 B","81","0","0","0","0","1"
"paofedee","1","2026-06-02T00:45:10.818Z","2026-06-02T00:45:14.355Z","0.1m","32","0","0","0 B","0","0 B","32","0","0","0","0","1"
"passion","1","2026-06-02T00:45:16.680Z","2026-06-02T00:45:33.087Z","0.3m","424","0","0","0 B","0","0 B","424","0","0","0","0","1"
"piggyjrc","1","2026-06-02T00:45:38.122Z","2026-06-02T00:45:45.293Z","0.1m","27","0","0","0 B","0","0 B","27","0","0","0","0","1"
"plumpprincess","1","2026-06-02T00:45:47.620Z","2026-06-02T00:46:00.745Z","0.2m","229","0","0","0 B","0","0 B","229","0","0","0","0","1"
"poptartbelly","3","2026-06-02T00:46:03.922Z","2026-06-02T01:02:25.387Z","16m","2498","0","0","0 B","663686697","633 MB","2012","1857","1","0","1","2"
"pretty_pettybabe","1","2026-06-02T01:02:27.788Z","2026-06-02T01:02:33.146Z","0.1m","51","2","340230","332 KB","0","0 B","49","0","0","0","0","1"
"prettyplsgemini","1","2026-06-02T01:02:41.485Z","2026-06-02T01:02:42.544Z","0.0m","702","0","0","0 B","0","0 B","702","702","0","0","0","0"
"pumpkincakezz","2","2026-06-02T01:03:23.595Z","2026-06-02T01:16:13.633Z","13m","3650","0","0","0 B","589529769","562 MB","2881","3579","0","0","0","1"
"ramenslurper","1","2026-06-02T01:16:18.030Z","2026-06-02T01:16:21.248Z","0.1m","24","0","0","0 B","0","0 B","24","0","0","0","0","1"
"redheadchubbybunni","1","2026-06-02T01:16:23.606Z","2026-06-02T01:17:00.728Z","0.6m","301","0","0","0 B","0","0 B","300","1","0","0","0","1"
"ryliehaze","1","2026-06-02T01:17:26.763Z","2026-06-02T01:17:45.197Z","0.3m","210","0","0","0 B","0","0 B","210","0","0","0","0","1"
"ryyds","1","2026-06-02T01:17:47.795Z","2026-06-02T01:17:52.910Z","0.1m","202","0","0","0 B","0","0 B","202","0","0","0","0","1"
"sabrina_ssbbw","1","2026-06-02T01:17:55.082Z","2026-06-02T01:18:38.658Z","0.7m","441","0","0","0 B","0","0 B","441","0","0","0","0","1"
"satanpanties666","6","2026-06-02T01:18:45.266Z","2026-06-02T01:34:38.555Z","15m","3764","132","551519372","526 MB","1257825204","1.2 GB","3169","3363","4","0","0","4"
"savannahmontana","1","2026-06-02T01:34:41.065Z","2026-06-02T01:34:43.704Z","0.0m","34","0","0","0 B","0","0 B","34","0","0","0","0","1"
"sexy_curvi","1","2026-06-02T01:34:47.663Z","2026-06-02T01:34:50.403Z","0.0m","29","0","0","0 B","0","0 B","29","0","0","0","0","1"
"sexy_signature","1","2026-06-02T01:34:53.095Z","2026-06-02T01:34:58.008Z","0.1m","123","0","0","0 B","0","0 B","123","0","0","0","0","1"
"sexycreolyta4u","1","2026-06-02T01:35:01.179Z","2026-06-02T01:35:04.327Z","0.1m","103","0","0","0 B","0","0 B","103","0","0","0","0","1"
"shroomprincess0","1","2026-06-02T01:35:06.570Z","2026-06-02T01:35:10.582Z","0.1m","73","0","0","0 B","0","0 B","73","0","0","0","0","1"
"shymercat","1","2026-06-02T01:35:12.754Z","2026-06-02T01:35:16.124Z","0.1m","27","0","0","0 B","0","0 B","27","0","0","0","0","1"
"skylar_bc","1","2026-06-02T01:35:19.083Z","2026-06-02T01:36:22.835Z","1.1m","609","0","0","0 B","0","0 B","606","2","1","0","0","1"
"snowangelcake","3","2026-06-02T01:36:50.131Z","2026-06-02T01:49:42.903Z","11m","1644","514","3220063551","3.0 GB","5044996445","4.7 GB","695","956","1","0","0","1"
"softshortnsweet","2","2026-06-02T01:49:58.914Z","2026-06-02T01:53:08.739Z","3.1m","1173","0","0","0 B","103744002","99 MB","1163","1167","2","0","0","1"
"sonyabbw","2","2026-06-02T01:53:11.004Z","2026-06-02T01:53:47.311Z","0.5m","62","12","2340264","2.2 MB","7103982","6.8 MB","17","33","0","0","0","1"
"starphucker","2","2026-06-02T01:53:55.422Z","2026-06-02T01:55:14.940Z","1.2m","284","69","33206291","32 MB","81197298","77 MB","109","106","0","0","0","1"
"sweetsp666","2","2026-06-02T01:55:22.838Z","2026-06-02T03:03:30.299Z","1h 8m","692","0","0","0 B","9512559671","8.9 GB","536","538","0","0","0","1"
"that-fatt-girl_bbw_bethany","1","2026-06-02T03:03:33.460Z","2026-06-02T03:03:44.597Z","0.2m","211","0","0","0 B","0","0 B","211","0","0","0","0","1"
"thedollbb","1","2026-06-02T03:03:47.183Z","2026-06-02T03:03:49.910Z","0.0m","20","0","0","0 B","0","0 B","20","0","0","0","0","1"
"thedumplin","1","2026-06-02T03:04:20.287Z","2026-06-02T03:04:55.508Z","0.6m","392","0","0","0 B","0","0 B","370","22","0","0","0","1"
"therachelhanna","2","2026-06-02T03:05:24.785Z","2026-06-02T03:07:09.394Z","1.7m","1335","1","10985946","10 MB","66744741","64 MB","1166","1005","0","0","0","1"
"theroxyclover","3","2026-06-02T03:07:11.750Z","2026-06-02T03:07:35.897Z","0.3m","464","1","3293982","3.1 MB","3293982","3.1 MB","463","239","0","0","0","1"
"thiccollegegirl","1","2026-06-02T03:07:39.753Z","2026-06-02T03:07:50.000Z","0.2m","333","0","0","0 B","0","0 B","333","0","0","0","0","1"
"thickashoney","1","2026-06-02T03:07:54.066Z","2026-06-02T03:07:56.507Z","0.0m","25","0","0","0 B","0","0 B","25","0","0","0","0","1"
"thickhungryhoney","2","2026-06-02T03:08:20.182Z","2026-06-02T04:35:05.195Z","1h 27m","5108","0","0","0 B","2839750759","2.6 GB","5080","5075","9","1","0","1"
"tianastummy","2","2026-06-02T04:35:27.972Z","2026-06-02T10:32:13.029Z","5h 37m","7260","6287","33307785437","31 GB","33312156652","31 GB","342","150","511","0","0","1"
"udderly_adorable","1","2026-06-02T10:32:17.905Z","2026-06-02T10:32:34.887Z","0.3m","281","0","0","0 B","0","0 B","281","0","0","0","0","1"
"virethealark","2","2026-06-02T10:32:48.915Z","2026-06-02T10:44:53.983Z","11m","1426","392","3288902911","3.1 GB","10750185088","10 GB","131","903","0","0","0","1"
"wantstosleepwu","2","2026-06-02T10:44:57.206Z","2026-06-02T10:45:25.979Z","0.4m","139","3","562166","549 KB","11132578","11 MB","103","87","0","0","0","1"