model,source,runner,first_utc,last_utc,time,media,posts,saved,saved_bytes,saved_human,network_bytes,network_human,skipped,dupes,failed,oversized,run_error,structured_finish,log_file
"abigailgray256","reddit","hoghaul","2026-06-01T11:35:35.900Z","2026-06-01T11:37:36.581Z","2.0m","892","1307","0","0","0 B","305659686","291 MB","623","892","0","0","false","true","C:\Users\jagsr\AppData\Roaming\.slopvault\dataset\abigailgray256\log\hoghaul-run-2026-06-01T11-35-35-899Z.jsonl"
"abigailgray256","coomerfans","hoghaul","2026-06-01T11:37:40.013Z","2026-06-01T11:37:46.225Z","0.1m","72","25","0","0","0 B","0","0 B","72","72","0","0","false","true","C:\Users\jagsr\AppData\Roaming\.slopvault\dataset\abigailgray256\log\hoghaul-run-2026-06-01T11-37-40-012Z.jsonl"
"abigailgray256","stufferdb","milkmaid","2026-06-01T11:37:49.268Z","2026-06-01T11:38:00.656Z","0.2m","433","0","0","0","0 B","0","0 B","433","0","0","0","false","false","C:\Users\jagsr\AppData\Roaming\.slopvault\dataset\abigailgray256\log\milkmaid-run-2026-06-01T11-37-49-266Z.jsonl"
"acdc34434_laura_fatty","kemono","hoghaul","2026-06-01T11:38:04.153Z","2026-06-01T11:40:12.460Z","2.1m","219","193","0","0","0 B","0","0 B","0","0","219","0","false","true","C:\Users\jagsr\AppData\Roaming\.slopvault\dataset\acdc34434_laura_fatty\log\hoghaul-run-2026-06-01T11-38-04-152Z.jsonl"
"acdc34434_laura_fatty","coomerfans","hoghaul","2026-06-01T11:40:24.100Z","2026-06-01T11:40:47.614Z","0.4m","923","384","0","0","0 B","0","0 B","923","923","0","0","false","true","C:\Users\jagsr\AppData\Roaming\.slopvault\dataset\acdc34434_laura_fatty\log\hoghaul-run-2026-06-01T11-40-24-098Z.jsonl"
"acdc34434_laura_fatty","stufferdb","milkmaid","2026-06-01T11:40:49.965Z","2026-06-01T11:41:09.242Z","0.3m","740","0","0","0","0 B","0","0 B","740","0","0","0","false","false","C:\Users\jagsr\AppData\Roaming\.slopvault\dataset\acdc34434_laura_fatty\log\milkmaid-run-2026-06-01T11-40-49-965Z.jsonl"
"agirlwholikestoeat","reddit","hoghaul","2026-06-01T11:41:18.717Z","2026-06-01T11:41:20.165Z","0.0m","986","1006","0","0","0 B","0","0 B","986","986","0","0","false","true","C:\Users\jagsr\AppData\Roaming\.slopvault\dataset\agirlwholikestoeat\log\hoghaul-run-2026-06-01T11-41-18-716Z.jsonl"
"agirlwholikestoeat","kemono","hoghaul","2026-06-01T11:41:27.734Z","2026-06-01T12:00:09.837Z","19m","3917","1131","0","0","0 B","0","0 B","0","0","3917","0","false","true","C:\Users\jagsr\AppData\Roaming\.slopvault\dataset\agirlwholikestoeat\log\hoghaul-run-2026-06-01T11-41-27-733Z.jsonl"
"agirlwholikestoeat","coomerfans","hoghaul","2026-06-01T12:00:32.501Z","2026-06-01T12:14:20.268Z","14m","2396","815","0","0","0 B","613268967","585 MB","2392","2393","3","0","false","true","C:\Users\jagsr\AppData\Roaming\.slopvault\dataset\agirlwholikestoeat\log\hoghaul-run-2026-06-01T12-00-32-499Z.jsonl"
"agirlwholikestoeat","stufferdb","milkmaid","2026-06-01T12:14:26.873Z","2026-06-01T12:15:20.210Z","0.9m","323","0","2","1109528","1.1 MB","0","0 B","319","2","0","0","false","false","C:\Users\jagsr\AppData\Roaming\.slopvault\dataset\agirlwholikestoeat\log\milkmaid-run-2026-06-01T12-14-26-873Z.jsonl"
"ailihex","reddit","hoghaul","2026-06-01T12:15:24.581Z","2026-06-01T12:15:24.962Z","0.0m","266","267","0","0","0 B","0","0 B","266","266","0","0","false","true","C:\Users\jagsr\AppData\Roaming\.slopvault\dataset\ailihex\log\hoghaul-run-2026-06-01T12-15-24-581Z.jsonl"
"ailihex","coomerfans","hoghaul","2026-06-01T12:15:31.927Z","2026-06-01T12:15:35.060Z","0.1m","265","220","0","0","0 B","35029","34 KB","264","265","0","0","false","true","C:\Users\jagsr\AppData\Roaming\.slopvault\dataset\ailihex\log\hoghaul-run-2026-06-01T12-15-31-926Z.jsonl"
"ailihex","stufferdb","milkmaid","2026-06-01T12:15:43.853Z","2026-06-01T12:15:47.363Z","0.1m","86","0","0","0","0 B","0","0 B","86","0","0","0","false","false","C:\Users\jagsr\AppData\Roaming\.slopvault\dataset\ailihex\log\milkmaid-run-2026-06-01T12-15-43-852Z.jsonl"
"alissbonyt","coomerfans","hoghaul","2026-06-01T12:16:34.353Z","2026-06-01T12:25:49.865Z","9.3m","3776","1867","0","0","0 B","159922303","153 MB","3759","3769","7","0","false","true","C:\Users\jagsr\AppData\Roaming\.slopvault\dataset\alissbonyt\log\hoghaul-run-2026-06-01T12-16-34-352Z.jsonl"
"alissbonyt","stufferdb","milkmaid","2026-06-01T12:25:52.861Z","2026-06-01T12:27:21.951Z","1.5m","1449","0","0","0","0 B","0","0 B","1442","4","3","0","false","false","C:\Users\jagsr\AppData\Roaming\.slopvault\dataset\alissbonyt\log\milkmaid-run-2026-06-01T12-25-52-860Z.jsonl"
"anybodylost6726","reddit","hoghaul","2026-06-01T12:27:26.425Z","2026-06-01T12:27:32.488Z","0.1m","85","135","2","2773384","2.6 MB","13367773","13 MB","71","83","0","0","false","true","C:\Users\jagsr\AppData\Roaming\.slopvault\dataset\anybodylost6726\log\hoghaul-run-2026-06-01T12-27-26-424Z.jsonl"
"anybodylost6726","coomerfans","hoghaul","2026-06-01T12:27:39.252Z","2026-06-01T12:27:47.420Z","0.1m","288","200","0","0","0 B","0","0 B","288","288","0","0","false","true","C:\Users\jagsr\AppData\Roaming\.slopvault\dataset\anybodylost6726\log\hoghaul-run-2026-06-01T12-27-39-252Z.jsonl"
"anybodylost6726","stufferdb","milkmaid","2026-06-01T12:27:49.886Z","2026-06-01T12:29:07.692Z","1.3m","682","0","0","0","0 B","0","0 B","682","0","0","0","false","false","C:\Users\jagsr\AppData\Roaming\.slopvault\dataset\anybodylost6726\log\milkmaid-run-2026-06-01T12-27-49-885Z.jsonl"
"arilove","stufferdb","milkmaid","2026-06-01T12:29:11.860Z","2026-06-01T12:29:15.899Z","0.1m","82","0","0","0","0 B","0","0 B","82","0","0","0","false","false","C:\Users\jagsr\AppData\Roaming\.slopvault\dataset\arilove\log\milkmaid-run-2026-06-01T12-29-11-859Z.jsonl"
"azismiss","reddit","hoghaul","2026-06-01T12:29:17.770Z","2026-06-01T12:29:19.675Z","0.0m","5","3","2","57016","56 KB","146496","143 KB","0","3","0","0","false","true","C:\Users\jagsr\AppData\Roaming\.slopvault\dataset\azismiss\log\hoghaul-run-2026-06-01T12-29-17-769Z.jsonl"
"azismiss","coomerfans","hoghaul","2026-06-01T12:29:24.478Z","2026-06-01T12:32:15.620Z","2.9m","76","80","0","0","0 B","46791903","45 MB","75","76","0","0","false","true","C:\Users\jagsr\AppData\Roaming\.slopvault\dataset\azismiss\log\hoghaul-run-2026-06-01T12-29-24-477Z.jsonl"
"azismiss","stufferdb","milkmaid","2026-06-01T12:32:17.844Z","2026-06-01T12:32:20.232Z","0.0m","128","0","0","0","0 B","0","0 B","128","0","0","0","false","false","C:\Users\jagsr\AppData\Roaming\.slopvault\dataset\azismiss\log\milkmaid-run-2026-06-01T12-32-17-843Z.jsonl"
"babypinkcow","reddit","hoghaul","2026-06-01T12:32:22.938Z","2026-06-01T12:32:30.352Z","0.1m","79","79","0","0","0 B","15874742","15 MB","33","79","0","0","false","true","C:\Users\jagsr\AppData\Roaming\.slopvault\dataset\babypinkcow\log\hoghaul-run-2026-06-01T12-32-22-937Z.jsonl"
"babypinkcow","stufferdb","milkmaid","2026-06-01T12:32:33.730Z","2026-06-01T12:32:36.921Z","0.1m","24","0","0","0","0 B","0","0 B","24","0","0","0","false","false","C:\Users\jagsr\AppData\Roaming\.slopvault\dataset\babypinkcow\log\milkmaid-run-2026-06-01T12-32-33-729Z.jsonl"
"bbw_bonnie","coomerfans","hoghaul","2026-06-01T12:33:05.254Z","2026-06-01T12:34:07.923Z","1.0m","2181","1223","0","0","0 B","0","0 B","2181","2181","0","0","false","true","C:\Users\jagsr\AppData\Roaming\.slopvault\dataset\bbw_bonnie\log\hoghaul-run-2026-06-01T12-33-05-253Z.jsonl"
"bbw_breanna","stufferdb","milkmaid","2026-06-01T12:34:15.048Z","2026-06-01T12:34:18.111Z","0.1m","14","0","0","0","0 B","0","0 B","14","0","0","0","false","false","C:\Users\jagsr\AppData\Roaming\.slopvault\dataset\bbw_breanna\log\milkmaid-run-2026-06-01T12-34-15-047Z.jsonl"
"bbw_demetra","reddit","hoghaul","2026-06-01T12:34:20.602Z","2026-06-01T12:34:20.845Z","0.0m","60","66","0","0","0 B","0","0 B","59","59","1","0","false","true","C:\Users\jagsr\AppData\Roaming\.slopvault\dataset\bbw_demetra\log\hoghaul-run-2026-06-01T12-34-20-601Z.jsonl"
"bbw_demetra","coomerfans","hoghaul","2026-06-01T12:34:30.353Z","2026-06-01T12:34:43.387Z","0.2m","828","333","0","0","0 B","0","0 B","828","828","0","0","false","true","C:\Users\jagsr\AppData\Roaming\.slopvault\dataset\bbw_demetra\log\hoghaul-run-2026-06-01T12-34-30-352Z.jsonl"
"bbw_demetra","stufferdb","milkmaid","2026-06-01T12:34:45.882Z","2026-06-01T12:34:54.478Z","0.1m","7","0","0","0","0 B","0","0 B","7","0","0","0","false","false","C:\Users\jagsr\AppData\Roaming\.slopvault\dataset\bbw_demetra\log\milkmaid-run-2026-06-01T12-34-45-882Z.jsonl"
"bbwbellla","reddit","hoghaul","2026-06-01T12:34:57.774Z","2026-06-01T12:35:00.008Z","0.0m","30","102","2","404550","395 KB","472200","461 KB","27","28","0","0","false","true","C:\Users\jagsr\AppData\Roaming\.slopvault\dataset\bbwbellla\log\hoghaul-run-2026-06-01T12-34-57-773Z.jsonl"
"bbwbellla","coomerfans","hoghaul","2026-06-01T12:35:20.821Z","2026-06-01T12:38:37.414Z","3.3m","2413","785","0","0","0 B","11865365","11 MB","2395","2408","5","0","false","true","C:\Users\jagsr\AppData\Roaming\.slopvault\dataset\bbwbellla\log\hoghaul-run-2026-06-01T12-35-20-820Z.jsonl"
"bbwbellla","stufferdb","milkmaid","2026-06-01T12:38:40.143Z","2026-06-01T12:38:43.762Z","0.1m","14","0","0","0","0 B","0","0 B","14","0","0","0","false","false","C:\Users\jagsr\AppData\Roaming\.slopvault\dataset\bbwbellla\log\milkmaid-run-2026-06-01T12-38-40-142Z.jsonl"
"beccabae","reddit","hoghaul","2026-06-01T12:38:45.731Z","2026-06-01T12:38:45.733Z","0.0m","0","2","0","0","0 B","0","0 B","0","0","0","0","false","true","C:\Users\jagsr\AppData\Roaming\.slopvault\dataset\beccabae\log\hoghaul-run-2026-06-01T12-38-45-731Z.jsonl"
"beccabae","stufferdb","milkmaid","2026-06-01T12:38:48.002Z","2026-06-01T12:40:16.177Z","1.5m","866","0","3","291649","285 KB","0","0 B","859","4","0","0","false","false","C:\Users\jagsr\AppData\Roaming\.slopvault\dataset\beccabae\log\milkmaid-run-2026-06-01T12-38-48-001Z.jsonl"
"bella_abbondanza","reddit","hoghaul","2026-06-01T12:40:18.709Z","2026-06-01T12:40:18.726Z","0.0m","2","2","0","0","0 B","0","0 B","2","2","0","0","false","true","C:\Users\jagsr\AppData\Roaming\.slopvault\dataset\bella_abbondanza\log\hoghaul-run-2026-06-01T12-40-18-708Z.jsonl"
"bella_abbondanza","coomerfans","hoghaul","2026-06-01T12:40:35.958Z","2026-06-01T12:41:04.761Z","0.5m","1296","683","0","0","0 B","24279","24 KB","1294","1295","1","0","false","true","C:\Users\jagsr\AppData\Roaming\.slopvault\dataset\bella_abbondanza\log\hoghaul-run-2026-06-01T12-40-35-957Z.jsonl"
"bella_abbondanza","stufferdb","milkmaid","2026-06-01T12:41:11.422Z","2026-06-01T12:41:14.073Z","0.0m","125","0","0","0","0 B","0","0 B","125","0","0","0","false","false","C:\Users\jagsr\AppData\Roaming\.slopvault\dataset\bella_abbondanza\log\milkmaid-run-2026-06-01T12-41-11-421Z.jsonl"
"bellasky_","reddit","hoghaul","2026-06-01T12:41:28.277Z","2026-06-01T12:41:36.023Z","0.1m","1347","1466","0","0","0 B","3157520","3.0 MB","1316","1346","1","0","false","true","C:\Users\jagsr\AppData\Roaming\.slopvault\dataset\bellasky_\log\hoghaul-run-2026-06-01T12-41-28-276Z.jsonl"
"bellasky_","stufferdb","milkmaid","2026-06-01T12:41:39.841Z","2026-06-01T12:41:50.957Z","0.2m","165","0","0","0","0 B","0","0 B","165","0","0","0","false","false","C:\Users\jagsr\AppData\Roaming\.slopvault\dataset\bellasky_\log\milkmaid-run-2026-06-01T12-41-39-841Z.jsonl"
"bellissimobelly","reddit","hoghaul","2026-06-01T12:41:54.324Z","2026-06-01T12:43:12.327Z","1.3m","142","184","76","1126709880","1.0 GB","1233875397","1.1 GB","0","66","0","0","false","true","C:\Users\jagsr\AppData\Roaming\.slopvault\dataset\bellissimobelly\log\hoghaul-run-2026-06-01T12-41-54-323Z.jsonl"
"bellissimobelly","stufferdb","milkmaid","2026-06-01T12:43:42.621Z","2026-06-01T12:43:46.110Z","0.1m","52","0","0","0","0 B","0","0 B","52","0","0","0","false","false","C:\Users\jagsr\AppData\Roaming\.slopvault\dataset\bellissimobelly\log\milkmaid-run-2026-06-01T12-43-42-620Z.jsonl"
"bigbravebabe","stufferdb","milkmaid","2026-06-01T12:43:48.666Z","2026-06-01T12:43:52.146Z","0.1m","33","0","0","0","0 B","0","0 B","33","0","0","0","false","false","C:\Users\jagsr\AppData\Roaming\.slopvault\dataset\bigbravebabe\log\milkmaid-run-2026-06-01T12-43-48-665Z.jsonl"
"bit-chh","reddit","hoghaul","2026-06-01T12:43:55.999Z","2026-06-01T12:44:58.422Z","1.0m","97","142","57","95427284","91 MB","149413058","142 MB","0","40","0","0","false","true","C:\Users\jagsr\AppData\Roaming\.slopvault\dataset\bit-chh\log\hoghaul-run-2026-06-01T12-43-55-998Z.jsonl"
"bit-chh","stufferdb","milkmaid","2026-06-01T12:45:06.444Z","2026-06-01T12:45:09.864Z","0.1m","80","0","0","0","0 B","0","0 B","80","0","0","0","false","false","C:\Users\jagsr\AppData\Roaming\.slopvault\dataset\bit-chh\log\milkmaid-run-2026-06-01T12-45-06-443Z.jsonl"
"blondiee188","reddit","hoghaul","2026-06-01T12:45:20.824Z","2026-06-01T12:50:25.417Z","5.1m","572","874","285","476276298","454 MB","690190303","658 MB","0","287","0","0","false","true","C:\Users\jagsr\AppData\Roaming\.slopvault\dataset\blondiee188\log\hoghaul-run-2026-06-01T12-45-20-823Z.jsonl"
"blondiee188","stufferdb","milkmaid","2026-06-01T12:50:52.422Z","2026-06-01T12:51:39.744Z","0.8m","363","0","0","0","0 B","0","0 B","361","2","0","0","false","false","C:\Users\jagsr\AppData\Roaming\.slopvault\dataset\blondiee188\log\milkmaid-run-2026-06-01T12-50-52-421Z.jsonl"
"bodylovebritt","coomerfans","hoghaul","2026-06-01T12:51:46.835Z","2026-06-01T13:39:10.373Z","47m","251","210","0","0","0 B","958490969","914 MB","248","251","0","0","false","true","C:\Users\jagsr\AppData\Roaming\.slopvault\dataset\bodylovebritt\log\hoghaul-run-2026-06-01T12-51-46-833Z.jsonl"
"bodylovebritt","stufferdb","milkmaid","2026-06-01T13:39:13.004Z","2026-06-01T13:39:17.269Z","0.1m","87","0","0","0","0 B","0","0 B","87","0","0","0","false","false","C:\Users\jagsr\AppData\Roaming\.slopvault\dataset\bodylovebritt\log\milkmaid-run-2026-06-01T13-39-13-003Z.jsonl"
"bustyy_b3lle","reddit","hoghaul","2026-06-01T13:39:43.077Z","2026-06-01T13:48:00.209Z","8.3m","1119","1861","509","1548405750","1.4 GB","1999811423","1.9 GB","0","610","0","0","false","true","C:\Users\jagsr\AppData\Roaming\.slopvault\dataset\bustyy_b3lle\log\hoghaul-run-2026-06-01T13-39-43-076Z.jsonl"
"bustyy_b3lle","stufferdb","milkmaid","2026-06-01T13:48:59.337Z","2026-06-01T13:49:05.631Z","0.1m","170","0","0","0","0 B","0","0 B","170","0","0","0","false","false","C:\Users\jagsr\AppData\Roaming\.slopvault\dataset\bustyy_b3lle\log\milkmaid-run-2026-06-01T13-48-59-337Z.jsonl"
"cakedupkayyla","reddit","hoghaul","2026-06-01T13:49:08.527Z","2026-06-01T13:49:10.777Z","0.0m","5","60","0","0","0 B","21098241","20 MB","0","5","0","0","false","true","C:\Users\jagsr\AppData\Roaming\.slopvault\dataset\cakedupkayyla\log\hoghaul-run-2026-06-01T13-49-08-526Z.jsonl"
"cakedupkayyla","coomerfans","hoghaul","2026-06-01T13:49:22.254Z","2026-06-01T13:49:40.458Z","0.3m","953","385","0","0","0 B","0","0 B","953","953","0","0","false","true","C:\Users\jagsr\AppData\Roaming\.slopvault\dataset\cakedupkayyla\log\hoghaul-run-2026-06-01T13-49-22-253Z.jsonl"
"cakedupkayyla","stufferdb","milkmaid","2026-06-01T13:49:45.771Z","2026-06-01T13:49:51.178Z","0.1m","19","0","0","0","0 B","0","0 B","19","0","0","0","false","false","C:\Users\jagsr\AppData\Roaming\.slopvault\dataset\cakedupkayyla\log\milkmaid-run-2026-06-01T13-49-45-770Z.jsonl"
"cakedupkayyla","stufferdb","milkmaid","2026-06-01T13:49:53.830Z","2026-06-01T13:49:59.361Z","0.1m","99","0","0","0","0 B","0","0 B","99","0","0","0","false","false","C:\Users\jagsr\AppData\Roaming\.slopvault\dataset\cakedupkayyla\log\milkmaid-run-2026-06-01T13-49-53-830Z.jsonl"
"cakedupkayyla","stufferdb","milkmaid","2026-06-01T13:50:01.672Z","2026-06-01T13:50:05.691Z","0.1m","104","0","0","0","0 B","0","0 B","104","0","0","0","false","false","C:\Users\jagsr\AppData\Roaming\.slopvault\dataset\cakedupkayyla\log\milkmaid-run-2026-06-01T13-50-01-671Z.jsonl"
"candii_kayn","reddit","hoghaul","2026-06-01T13:50:09.203Z","2026-06-01T13:50:43.330Z","0.6m","75","145","12","7101503","6.8 MB","37223482","35 MB","0","63","0","0","false","true","C:\Users\jagsr\AppData\Roaming\.slopvault\dataset\candii_kayn\log\hoghaul-run-2026-06-01T13-50-09-201Z.jsonl"
"candii_kayn","coomerfans","hoghaul","2026-06-01T13:50:50.518Z","2026-06-01T13:52:51.906Z","2.0m","539","181","0","0","0 B","73588853","70 MB","537","539","0","0","false","true","C:\Users\jagsr\AppData\Roaming\.slopvault\dataset\candii_kayn\log\hoghaul-run-2026-06-01T13-50-50-517Z.jsonl"
"candii_kayn","stufferdb","milkmaid","2026-06-01T13:52:55.442Z","2026-06-01T13:52:55.495Z","0.0m","0","0","0","0","0 B","0","0 B","1","0","0","0","false","false","C:\Users\jagsr\AppData\Roaming\.slopvault\dataset\candii_kayn\log\milkmaid-run-2026-06-01T13-52-55-442Z.jsonl"
"carmen_lafox","stufferdb","milkmaid","2026-06-01T13:52:57.573Z","2026-06-01T13:53:00.848Z","0.1m","134","0","0","0","0 B","0","0 B","134","0","0","0","false","false","C:\Users\jagsr\AppData\Roaming\.slopvault\dataset\carmen_lafox\log\milkmaid-run-2026-06-01T13-52-57-572Z.jsonl"
"cassandracavallieri","reddit","hoghaul","2026-06-01T13:53:03.831Z","2026-06-01T13:55:39.541Z","2.6m","164","171","121","4968210023","4.6 GB","6961067716","6.5 GB","0","43","0","0","false","true","C:\Users\jagsr\AppData\Roaming\.slopvault\dataset\cassandracavallieri\log\hoghaul-run-2026-06-01T13-53-03-830Z.jsonl"
"cassandracavallieri","coomerfans","hoghaul","2026-06-01T13:57:25.458Z","2026-06-01T13:58:36.866Z","1.2m","1021","1013","0","0","0 B","11913510","11 MB","1019","1021","0","0","false","true","C:\Users\jagsr\AppData\Roaming\.slopvault\dataset\cassandracavallieri\log\hoghaul-run-2026-06-01T13-57-25-457Z.jsonl"
"cassandracavallieri","stufferdb","milkmaid","2026-06-01T13:58:39.311Z","2026-06-01T13:58:43.980Z","0.1m","183","0","0","0","0 B","0","0 B","183","0","0","0","false","false","C:\Users\jagsr\AppData\Roaming\.slopvault\dataset\cassandracavallieri\log\milkmaid-run-2026-06-01T13-58-39-310Z.jsonl"
"cassandracavallieri","stufferdb","milkmaid","2026-06-01T13:58:49.223Z","2026-06-01T13:58:52.835Z","0.1m","18","0","0","0","0 B","0","0 B","18","0","0","0","false","false","C:\Users\jagsr\AppData\Roaming\.slopvault\dataset\cassandracavallieri\log\milkmaid-run-2026-06-01T13-58-49-222Z.jsonl"
"cassandracavallieri","stufferdb","milkmaid","2026-06-01T13:58:57.399Z","2026-06-01T13:59:01.260Z","0.1m","29","0","0","0","0 B","0","0 B","29","0","0","0","false","false","C:\Users\jagsr\AppData\Roaming\.slopvault\dataset\cassandracavallieri\log\milkmaid-run-2026-06-01T13-58-57-399Z.jsonl"
"cassandracavallieri","stufferdb","milkmaid","2026-06-01T13:59:03.870Z","2026-06-01T13:59:09.238Z","0.1m","111","0","0","0","0 B","0","0 B","111","0","0","0","false","false","C:\Users\jagsr\AppData\Roaming\.slopvault\dataset\cassandracavallieri\log\milkmaid-run-2026-06-01T13-59-03-869Z.jsonl"
"cassandracavallieri","stufferdb","milkmaid","2026-06-01T13:59:13.294Z","2026-06-01T13:59:18.060Z","0.1m","47","0","0","0","0 B","0","0 B","47","0","0","0","false","false","C:\Users\jagsr\AppData\Roaming\.slopvault\dataset\cassandracavallieri\log\milkmaid-run-2026-06-01T13-59-13-293Z.jsonl"
"cecehectori","coomerfans","hoghaul","2026-06-01T13:59:48.535Z","2026-06-01T14:03:34.188Z","3.8m","4360","1200","0","0","0 B","439047","429 KB","4335","4350","10","0","false","true","C:\Users\jagsr\AppData\Roaming\.slopvault\dataset\cecehectori\log\hoghaul-run-2026-06-01T13-59-48-534Z.jsonl"
"cecehectori","stufferdb","milkmaid","2026-06-01T14:03:38.970Z","2026-06-01T14:03:41.641Z","0.0m","1","0","0","0","0 B","0","0 B","1","0","0","0","false","false","C:\Users\jagsr\AppData\Roaming\.slopvault\dataset\cecehectori\log\milkmaid-run-2026-06-01T14-03-38-969Z.jsonl"
"cecehectori","stufferdb","milkmaid","2026-06-01T14:03:48.948Z","2026-06-01T14:03:51.627Z","0.0m","40","0","0","0","0 B","0","0 B","40","0","0","0","false","false","C:\Users\jagsr\AppData\Roaming\.slopvault\dataset\cecehectori\log\milkmaid-run-2026-06-01T14-03-48-947Z.jsonl"
"cherryxbomb69x","reddit","hoghaul","2026-06-01T14:03:56.569Z","2026-06-01T14:04:53.919Z","1.0m","216","281","53","375334856","358 MB","1664815567","1.6 GB","0","163","0","0","false","true","C:\Users\jagsr\AppData\Roaming\.slopvault\dataset\cherryxbomb69x\log\hoghaul-run-2026-06-01T14-03-56-568Z.jsonl"
"cherryxbomb69x","stufferdb","milkmaid","2026-06-01T14:05:07.791Z","2026-06-01T14:05:11.020Z","0.1m","34","0","0","0","0 B","0","0 B","34","0","0","0","false","false","C:\Users\jagsr\AppData\Roaming\.slopvault\dataset\cherryxbomb69x\log\milkmaid-run-2026-06-01T14-05-07-790Z.jsonl"
"chloe_curvingchloe_bigcuties_","stufferdb","milkmaid","2026-06-01T14:05:13.272Z","2026-06-01T14:06:38.627Z","1.4m","780","0","0","0","0 B","0","0 B","778","2","0","0","false","false","C:\Users\jagsr\AppData\Roaming\.slopvault\dataset\chloe_curvingchloe_bigcuties_\log\milkmaid-run-2026-06-01T14-05-13-271Z.jsonl"
"chubbycat666","stufferdb","milkmaid","2026-06-01T14:06:46.961Z","2026-06-01T14:07:02.712Z","0.3m","245","0","0","0","0 B","0","0 B","245","0","0","0","false","false","C:\Users\jagsr\AppData\Roaming\.slopvault\dataset\chubbycat666\log\milkmaid-run-2026-06-01T14-06-46-961Z.jsonl"
"chubbychiquita","reddit","hoghaul","2026-06-01T14:07:04.893Z","2026-06-01T14:07:23.165Z","0.3m","23","25","14","3866727","3.7 MB","5893910","5.6 MB","0","9","0","0","false","true","C:\Users\jagsr\AppData\Roaming\.slopvault\dataset\chubbychiquita\log\hoghaul-run-2026-06-01T14-07-04-892Z.jsonl"
"chubbychiquita","coomerfans","hoghaul","2026-06-01T14:07:31.093Z","2026-06-01T17:03:42.155Z","2h 56m","1280","232","38","17740540824","17 GB","17762484120","17 GB","1239","1241","1","0","false","true","C:\Users\jagsr\AppData\Roaming\.slopvault\dataset\chubbychiquita\log\hoghaul-run-2026-06-01T14-07-31-093Z.jsonl"
"chubbychiquita","stufferdb","milkmaid","2026-06-01T17:07:25.199Z","2026-06-01T17:07:38.081Z","0.2m","199","0","0","0","0 B","0","0 B","198","0","1","0","false","false","C:\Users\jagsr\AppData\Roaming\.slopvault\dataset\chubbychiquita\log\milkmaid-run-2026-06-01T17-07-25-199Z.jsonl"
"chubbychiquita","stufferdb","milkmaid","2026-06-01T17:07:42.718Z","2026-06-01T17:07:48.974Z","0.1m","7","0","0","0","0 B","0","0 B","7","0","0","0","false","false","C:\Users\jagsr\AppData\Roaming\.slopvault\dataset\chubbychiquita\log\milkmaid-run-2026-06-01T17-07-42-717Z.jsonl"
"couchqueenie","reddit","hoghaul","2026-06-01T17:08:20.631Z","2026-06-01T17:25:05.157Z","17m","1220","1830","888","12831469423","12 GB","14782914776","14 GB","0","331","1","0","false","true","C:\Users\jagsr\AppData\Roaming\.slopvault\dataset\couchqueenie\log\hoghaul-run-2026-06-01T17-08-20-630Z.jsonl"
"couchqueenie","stufferdb","milkmaid","2026-06-01T17:29:33.141Z","2026-06-01T17:31:44.734Z","2.2m","1179","0","0","0","0 B","0","0 B","1173","6","0","0","false","false","C:\Users\jagsr\AppData\Roaming\.slopvault\dataset\couchqueenie\log\milkmaid-run-2026-06-01T17-29-33-140Z.jsonl"
"cowcake","reddit","hoghaul","2026-06-01T17:31:47.547Z","2026-06-01T17:31:47.549Z","0.0m","0","3","0","0","0 B","0","0 B","0","0","0","0","false","true","C:\Users\jagsr\AppData\Roaming\.slopvault\dataset\cowcake\log\hoghaul-run-2026-06-01T17-31-47-546Z.jsonl"
"cowcake","stufferdb","milkmaid","2026-06-01T17:31:49.757Z","2026-06-01T17:31:53.034Z","0.1m","44","0","0","0","0 B","0","0 B","44","0","0","0","false","false","C:\Users\jagsr\AppData\Roaming\.slopvault\dataset\cowcake\log\milkmaid-run-2026-06-01T17-31-49-756Z.jsonl"
"creative_load_2311","reddit","hoghaul","2026-06-01T17:31:55.639Z","2026-06-01T17:32:18.733Z","0.4m","45","49","21","35432483","34 MB","47194789","45 MB","0","24","0","0","false","true","C:\Users\jagsr\AppData\Roaming\.slopvault\dataset\creative_load_2311\log\hoghaul-run-2026-06-01T17-31-55-638Z.jsonl"
"creative_load_2311","stufferdb","milkmaid","2026-06-01T17:32:24.563Z","2026-06-01T17:32:28.780Z","0.1m","11","0","0","0","0 B","0","0 B","11","0","0","0","false","false","C:\Users\jagsr\AppData\Roaming\.slopvault\dataset\creative_load_2311\log\milkmaid-run-2026-06-01T17-32-24-562Z.jsonl"
"curvage_casey","stufferdb","milkmaid","2026-06-01T17:32:30.984Z","2026-06-01T17:32:48.788Z","0.3m","236","0","0","0","0 B","0","0 B","236","0","0","0","false","false","C:\Users\jagsr\AppData\Roaming\.slopvault\dataset\curvage_casey\log\milkmaid-run-2026-06-01T17-32-30-983Z.jsonl"
"curvage_casey","stufferdb","milkmaid","2026-06-01T17:32:53.042Z","2026-06-01T17:33:01.672Z","0.1m","174","0","0","0","0 B","0","0 B","174","0","0","0","false","false","C:\Users\jagsr\AppData\Roaming\.slopvault\dataset\curvage_casey\log\milkmaid-run-2026-06-01T17-32-53-042Z.jsonl"
"curvyberardi","stufferdb","milkmaid","2026-06-01T17:33:09.664Z","2026-06-01T17:33:13.476Z","0.1m","132","0","0","0","0 B","0","0 B","132","0","0","0","false","false","C:\Users\jagsr\AppData\Roaming\.slopvault\dataset\curvyberardi\log\milkmaid-run-2026-06-01T17-33-09-663Z.jsonl"
"curvygothgf","reddit","hoghaul","2026-06-01T17:33:18.294Z","2026-06-01T17:34:30.661Z","1.2m","157","247","50","21295612","20 MB","57361728","55 MB","0","107","0","0","false","true","C:\Users\jagsr\AppData\Roaming\.slopvault\dataset\curvygothgf\log\hoghaul-run-2026-06-01T17-33-18-293Z.jsonl"
"curvygothgf","coomerfans","hoghaul","2026-06-01T17:34:36.192Z","2026-06-01T17:34:36.200Z","0.0m","1","1","0","0","0 B","0","0 B","1","1","0","0","false","true","C:\Users\jagsr\AppData\Roaming\.slopvault\dataset\curvygothgf\log\hoghaul-run-2026-06-01T17-34-36-191Z.jsonl"
"curvygothgf","stufferdb","milkmaid","2026-06-01T17:34:38.194Z","2026-06-01T17:34:43.867Z","0.1m","68","0","0","0","0 B","0","0 B","68","0","0","0","false","false","C:\Users\jagsr\AppData\Roaming\.slopvault\dataset\curvygothgf\log\milkmaid-run-2026-06-01T17-34-38-193Z.jsonl"
"cutiehex","stufferdb","milkmaid","2026-06-01T17:34:48.210Z","2026-06-01T17:34:51.476Z","0.1m","18","0","0","0","0 B","0","0 B","18","0","0","0","false","false","C:\Users\jagsr\AppData\Roaming\.slopvault\dataset\cutiehex\log\milkmaid-run-2026-06-01T17-34-48-209Z.jsonl"
"darya_smirnova","stufferdb","milkmaid","2026-06-01T17:34:53.702Z","2026-06-01T17:35:09.043Z","0.3m","188","0","0","0","0 B","0","0 B","188","0","0","0","false","false","C:\Users\jagsr\AppData\Roaming\.slopvault\dataset\darya_smirnova\log\milkmaid-run-2026-06-01T17-34-53-701Z.jsonl"
"devi_thikk","stufferdb","milkmaid","2026-06-01T17:35:11.333Z","2026-06-01T17:35:51.484Z","0.7m","567","0","0","0","0 B","0","0 B","567","0","0","0","false","false","C:\Users\jagsr\AppData\Roaming\.slopvault\dataset\devi_thikk\log\milkmaid-run-2026-06-01T17-35-11-332Z.jsonl"
"distorsion_foodie","reddit","hoghaul","2026-06-01T17:36:17.869Z","2026-06-01T17:40:17.815Z","4.0m","626","1785","520","3756340866","3.5 GB","4522940810","4.2 GB","0","106","0","0","false","true","C:\Users\jagsr\AppData\Roaming\.slopvault\dataset\distorsion_foodie\log\hoghaul-run-2026-06-01T17-36-17-869Z.jsonl"
"distorsion_foodie","coomerfans","hoghaul","2026-06-01T17:41:51.989Z","2026-06-01T17:41:58.937Z","0.1m","443","297","0","0","0 B","41209","40 KB","442","443","0","0","false","true","C:\Users\jagsr\AppData\Roaming\.slopvault\dataset\distorsion_foodie\log\hoghaul-run-2026-06-01T17-41-51-988Z.jsonl"
"distorsion_foodie","stufferdb","milkmaid","2026-06-01T17:42:05.785Z","2026-06-01T17:42:18.918Z","0.2m","43","0","0","0","0 B","0","0 B","43","0","0","0","false","false","C:\Users\jagsr\AppData\Roaming\.slopvault\dataset\distorsion_foodie\log\milkmaid-run-2026-06-01T17-42-05-785Z.jsonl"
"doubledenise","stufferdb","milkmaid","2026-06-01T17:42:21.283Z","2026-06-01T17:43:10.297Z","0.8m","397","0","0","0","0 B","0","0 B","397","0","0","0","false","false","C:\Users\jagsr\AppData\Roaming\.slopvault\dataset\doubledenise\log\milkmaid-run-2026-06-01T17-42-21-282Z.jsonl"
"elea-goddess","reddit","hoghaul","2026-06-01T17:43:26.866Z","2026-06-01T17:48:32.836Z","5.1m","1533","1745","361","1361163688","1.3 GB","5197008001","4.8 GB","0","1171","1","0","false","true","C:\Users\jagsr\AppData\Roaming\.slopvault\dataset\elea-goddess\log\hoghaul-run-2026-06-01T17-43-26-866Z.jsonl"
"elea-goddess","stufferdb","milkmaid","2026-06-01T17:49:21.816Z","2026-06-01T17:49:31.901Z","0.2m","172","0","0","0","0 B","0","0 B","172","0","0","0","false","false","C:\Users\jagsr\AppData\Roaming\.slopvault\dataset\elea-goddess\log\milkmaid-run-2026-06-01T17-49-21-815Z.jsonl"
"elea-goddess","stufferdb","milkmaid","2026-06-01T17:49:36.114Z","2026-06-01T17:52:01.367Z","2.4m","175","0","0","0","0 B","0","0 B","172","3","0","0","false","false","C:\Users\jagsr\AppData\Roaming\.slopvault\dataset\elea-goddess\log\milkmaid-run-2026-06-01T17-49-36-113Z.jsonl"
"electriclolaaa","reddit","hoghaul","2026-06-01T17:52:03.886Z","2026-06-01T17:52:21.525Z","0.3m","25","26","16","11848116","11 MB","15594964","15 MB","0","9","0","0","false","true","C:\Users\jagsr\AppData\Roaming\.slopvault\dataset\electriclolaaa\log\hoghaul-run-2026-06-01T17-52-03-885Z.jsonl"
"electriclolaaa","stufferdb","milkmaid","2026-06-01T17:52:27.490Z","2026-06-01T17:52:32.941Z","0.1m","9","0","0","0","0 B","0","0 B","9","0","0","0","false","false","C:\Users\jagsr\AppData\Roaming\.slopvault\dataset\electriclolaaa\log\milkmaid-run-2026-06-01T17-52-27-489Z.jsonl"
"erika_lipps","stufferdb","milkmaid","2026-06-01T17:52:40.928Z","2026-06-01T17:53:15.576Z","0.6m","31","0","0","0","0 B","0","0 B","31","0","0","0","false","false","C:\Users\jagsr\AppData\Roaming\.slopvault\dataset\erika_lipps\log\milkmaid-run-2026-06-01T17-52-40-927Z.jsonl"
"fat_ass_ruby","stufferdb","milkmaid","2026-06-01T17:53:24.556Z","2026-06-01T17:53:27.893Z","0.1m","60","0","0","0","0 B","0","0 B","60","0","0","0","false","false","C:\Users\jagsr\AppData\Roaming\.slopvault\dataset\fat_ass_ruby\log\milkmaid-run-2026-06-01T17-53-24-555Z.jsonl"
"fatmerida","reddit","hoghaul","2026-06-01T17:53:30.202Z","2026-06-01T17:54:03.997Z","0.6m","59","62","25","12970850","12 MB","28730490","27 MB","0","34","0","0","false","true","C:\Users\jagsr\AppData\Roaming\.slopvault\dataset\fatmerida\log\hoghaul-run-2026-06-01T17-53-30-201Z.jsonl"
"fatmerida","coomerfans","hoghaul","2026-06-01T17:54:14.547Z","2026-06-01T17:54:18.417Z","0.1m","448","301","0","0","0 B","0","0 B","448","448","0","0","false","true","C:\Users\jagsr\AppData\Roaming\.slopvault\dataset\fatmerida\log\hoghaul-run-2026-06-01T17-54-14-546Z.jsonl"
"fatmerida","stufferdb","milkmaid","2026-06-01T17:54:31.517Z","2026-06-01T17:54:35.049Z","0.1m","106","0","0","0","0 B","0","0 B","106","0","0","0","false","false","C:\Users\jagsr\AppData\Roaming\.slopvault\dataset\fatmerida\log\milkmaid-run-2026-06-01T17-54-31-516Z.jsonl"
"fatteningprincess","reddit","hoghaul","2026-06-01T17:54:38.235Z","2026-06-01T17:55:21.917Z","0.7m","86","113","34","139093166","133 MB","277567598","265 MB","0","52","0","0","false","true","C:\Users\jagsr\AppData\Roaming\.slopvault\dataset\fatteningprincess\log\hoghaul-run-2026-06-01T17-54-38-235Z.jsonl"
"fatteningprincess","stufferdb","milkmaid","2026-06-01T17:55:48.954Z","2026-06-01T17:56:31.420Z","0.7m","668","0","0","0","0 B","0","0 B","668","0","0","0","false","false","C:\Users\jagsr\AppData\Roaming\.slopvault\dataset\fatteningprincess\log\milkmaid-run-2026-06-01T17-55-48-953Z.jsonl"
"fattiebaddie","coomerfans","hoghaul","2026-06-01T17:56:36.805Z","2026-06-01T17:56:38.702Z","0.0m","275","75","0","0","0 B","0","0 B","275","275","0","0","false","true","C:\Users\jagsr\AppData\Roaming\.slopvault\dataset\fattiebaddie\log\hoghaul-run-2026-06-01T17-56-36-804Z.jsonl"
"fattiebaddie","stufferdb","milkmaid","2026-06-01T17:56:42.597Z","2026-06-01T17:56:48.770Z","0.1m","5","0","0","0","0 B","0","0 B","5","0","0","0","false","false","C:\Users\jagsr\AppData\Roaming\.slopvault\dataset\fattiebaddie\log\milkmaid-run-2026-06-01T17-56-42-596Z.jsonl"
"feederandfeedee","reddit","hoghaul","2026-06-01T17:56:52.934Z","2026-06-01T17:58:00.697Z","1.1m","198","246","39","61187862","58 MB","195909041","187 MB","0","159","0","0","false","true","C:\Users\jagsr\AppData\Roaming\.slopvault\dataset\feederandfeedee\log\hoghaul-run-2026-06-01T17-56-52-932Z.jsonl"
"feederandfeedee","coomerfans","hoghaul","2026-06-01T17:58:29.938Z","2026-06-01T20:11:51.034Z","2h 13m","4582","872","0","0","0 B","5286952091","4.9 GB","4526","4571","11","0","false","true","C:\Users\jagsr\AppData\Roaming\.slopvault\dataset\feederandfeedee\log\hoghaul-run-2026-06-01T17-58-29-937Z.jsonl"
"feederandfeedee","stufferdb","milkmaid","2026-06-01T20:11:56.184Z","2026-06-01T20:12:48.395Z","0.9m","419","0","0","0","0 B","0","0 B","418","1","0","0","false","false","C:\Users\jagsr\AppData\Roaming\.slopvault\dataset\feederandfeedee\log\milkmaid-run-2026-06-01T20-11-56-183Z.jsonl"
"freya","stufferdb","milkmaid","2026-06-01T20:12:59.585Z","2026-06-01T20:13:54.772Z","0.9m","457","0","0","0","0 B","0","0 B","457","0","0","0","false","false","C:\Users\jagsr\AppData\Roaming\.slopvault\dataset\freya\log\milkmaid-run-2026-06-01T20-12-59-584Z.jsonl"
"goddess_shar","stufferdb","milkmaid","2026-06-01T20:13:58.570Z","2026-06-01T20:14:06.287Z","0.1m","221","0","0","0","0 B","0","0 B","221","0","0","0","false","false","C:\Users\jagsr\AppData\Roaming\.slopvault\dataset\goddess_shar\log\milkmaid-run-2026-06-01T20-13-58-569Z.jsonl"
"gurlinaura","reddit","hoghaul","2026-06-01T20:14:32.416Z","2026-06-01T20:31:21.218Z","17m","1411","1941","808","20087536118","19 GB","38307110210","36 GB","0","603","0","0","false","true","C:\Users\jagsr\AppData\Roaming\.slopvault\dataset\gurlinaura\log\hoghaul-run-2026-06-01T20-14-32-415Z.jsonl"
"gurlinaura","stufferdb","milkmaid","2026-06-01T20:36:53.948Z","2026-06-01T20:37:23.947Z","0.5m","338","0","1","185373","181 KB","0","0 B","336","1","0","0","false","false","C:\Users\jagsr\AppData\Roaming\.slopvault\dataset\gurlinaura\log\milkmaid-run-2026-06-01T20-36-53-947Z.jsonl"
"hellysbigfatstash","stufferdb","milkmaid","2026-06-01T20:37:28.073Z","2026-06-01T20:37:31.952Z","0.1m","4","0","0","0","0 B","0","0 B","4","0","0","0","false","false","C:\Users\jagsr\AppData\Roaming\.slopvault\dataset\hellysbigfatstash\log\milkmaid-run-2026-06-01T20-37-28-073Z.jsonl"
"here_p1ggy","reddit","hoghaul","2026-06-01T20:37:40.805Z","2026-06-01T20:39:17.434Z","1.6m","142","344","104","501049431","478 MB","772952983","737 MB","0","38","0","0","false","true","C:\Users\jagsr\AppData\Roaming\.slopvault\dataset\here_p1ggy\log\hoghaul-run-2026-06-01T20-37-40-804Z.jsonl"
"here_p1ggy","coomerfans","hoghaul","2026-06-01T20:39:35.101Z","2026-06-01T20:39:38.739Z","0.1m","291","67","0","0","0 B","0","0 B","291","291","0","0","false","true","C:\Users\jagsr\AppData\Roaming\.slopvault\dataset\here_p1ggy\log\hoghaul-run-2026-06-01T20-39-35-100Z.jsonl"
"here_p1ggy","stufferdb","milkmaid","2026-06-01T20:39:41.666Z","2026-06-01T20:40:31.734Z","0.8m","314","0","0","0","0 B","0","0 B","314","0","0","0","false","false","C:\Users\jagsr\AppData\Roaming\.slopvault\dataset\here_p1ggy\log\milkmaid-run-2026-06-01T20-39-41-666Z.jsonl"
"heyyadriana","stufferdb","milkmaid","2026-06-01T20:40:34.103Z","2026-06-01T20:40:39.696Z","0.1m","19","0","0","0","0 B","0","0 B","19","0","0","0","false","false","C:\Users\jagsr\AppData\Roaming\.slopvault\dataset\heyyadriana\log\milkmaid-run-2026-06-01T20-40-34-102Z.jsonl"
"housecow","coomerfans","hoghaul","2026-06-01T20:40:44.554Z","2026-06-01T20:40:47.389Z","0.0m","293","111","0","0","0 B","0","0 B","293","293","0","0","false","true","C:\Users\jagsr\AppData\Roaming\.slopvault\dataset\housecow\log\hoghaul-run-2026-06-01T20-40-44-553Z.jsonl"
"housecow","stufferdb","milkmaid","2026-06-01T20:40:49.648Z","2026-06-01T20:40:54.432Z","0.1m","47","0","1","316846","309 KB","0","0 B","46","0","0","0","false","false","C:\Users\jagsr\AppData\Roaming\.slopvault\dataset\housecow\log\milkmaid-run-2026-06-01T20-40-49-647Z.jsonl"
"hungrylilkitty1","stufferdb","milkmaid","2026-06-01T20:40:59.143Z","2026-06-01T20:41:03.367Z","0.1m","132","0","0","0","0 B","0","0 B","132","0","0","0","false","false","C:\Users\jagsr\AppData\Roaming\.slopvault\dataset\hungrylilkitty1\log\milkmaid-run-2026-06-01T20-40-59-142Z.jsonl"
"jam_jiggle","stufferdb","milkmaid","2026-06-01T20:41:06.122Z","2026-06-01T20:41:10.210Z","0.1m","43","0","0","0","0 B","0","0 B","43","0","0","0","false","false","C:\Users\jagsr\AppData\Roaming\.slopvault\dataset\jam_jiggle\log\milkmaid-run-2026-06-01T20-41-06-121Z.jsonl"
"jasminexo2000","coomerfans","hoghaul","2026-06-01T20:41:18.868Z","2026-06-01T20:41:19.789Z","0.0m","191","296","0","0","0 B","0","0 B","191","191","0","0","false","true","C:\Users\jagsr\AppData\Roaming\.slopvault\dataset\jasminexo2000\log\hoghaul-run-2026-06-01T20-41-18-867Z.jsonl"
"jasminexo2000","stufferdb","milkmaid","2026-06-01T20:41:33.053Z","2026-06-01T20:41:37.073Z","0.1m","81","0","0","0","0 B","0","0 B","81","0","0","0","false","false","C:\Users\jagsr\AppData\Roaming\.slopvault\dataset\jasminexo2000\log\milkmaid-run-2026-06-01T20-41-33-052Z.jsonl"
"juicyangel","stufferdb","milkmaid","2026-06-01T20:41:40.491Z","2026-06-01T20:41:42.725Z","0.0m","29","0","0","0","0 B","0","0 B","29","0","0","0","false","false","C:\Users\jagsr\AppData\Roaming\.slopvault\dataset\juicyangel\log\milkmaid-run-2026-06-01T20-41-40-490Z.jsonl"
"kayla_paolini","stufferdb","milkmaid","2026-06-01T20:41:45.060Z","2026-06-01T20:42:10.282Z","0.4m","448","0","0","0","0 B","0","0 B","447","1","0","0","false","false","C:\Users\jagsr\AppData\Roaming\.slopvault\dataset\kayla_paolini\log\milkmaid-run-2026-06-01T20-41-45-060Z.jsonl"
"kellijellibelli","coomerfans","hoghaul","2026-06-01T20:43:00.212Z","2026-06-01T21:03:04.119Z","20m","3068","2076","0","0","0 B","247387926","236 MB","3052","3065","3","0","false","true","C:\Users\jagsr\AppData\Roaming\.slopvault\dataset\kellijellibelli\log\hoghaul-run-2026-06-01T20-43-00-211Z.jsonl"
"kellijellibelli","stufferdb","milkmaid","2026-06-01T21:03:07.033Z","2026-06-01T21:03:12.908Z","0.1m","183","0","0","0","0 B","0","0 B","183","0","0","0","false","false","C:\Users\jagsr\AppData\Roaming\.slopvault\dataset\kellijellibelli\log\milkmaid-run-2026-06-01T21-03-07-032Z.jsonl"
"kitty_piggy","stufferdb","milkmaid","2026-06-01T21:03:16.044Z","2026-06-01T21:03:56.797Z","0.7m","657","0","0","0","0 B","0","0 B","656","1","0","0","false","false","C:\Users\jagsr\AppData\Roaming\.slopvault\dataset\kitty_piggy\log\milkmaid-run-2026-06-01T21-03-16-044Z.jsonl"
"kkupid05","reddit","hoghaul","2026-06-01T21:03:58.868Z","2026-06-01T21:03:58.870Z","0.0m","0","1","0","0","0 B","0","0 B","0","0","0","0","false","true","C:\Users\jagsr\AppData\Roaming\.slopvault\dataset\kkupid05\log\hoghaul-run-2026-06-01T21-03-58-867Z.jsonl"
"lana2002x","stufferdb","milkmaid","2026-06-01T21:04:15.701Z","2026-06-01T21:04:29.705Z","0.2m","159","0","0","0","0 B","0","0 B","159","0","0","0","false","false","C:\Users\jagsr\AppData\Roaming\.slopvault\dataset\lana2002x\log\milkmaid-run-2026-06-01T21-04-15-700Z.jsonl"
"lanabells221","reddit","hoghaul","2026-06-01T21:05:05.346Z","2026-06-01T21:11:41.293Z","6.6m","1221","1977","8","47143808","45 MB","921877983","879 MB","427","1213","0","0","false","true","C:\Users\jagsr\AppData\Roaming\.slopvault\dataset\lanabells221\log\hoghaul-run-2026-06-01T21-05-05-345Z.jsonl"
"lanabells221","stufferdb","milkmaid","2026-06-01T21:11:45.263Z","2026-06-01T21:12:27.770Z","0.7m","205","0","1","9747254","9.3 MB","0","0 B","198","6","0","0","false","false","C:\Users\jagsr\AppData\Roaming\.slopvault\dataset\lanabells221\log\milkmaid-run-2026-06-01T21-11-45-262Z.jsonl"
"laura_the_foodie","stufferdb","milkmaid","2026-06-01T21:12:30.901Z","2026-06-01T21:12:37.526Z","0.1m","126","0","0","0","0 B","0","0 B","126","0","0","0","false","false","C:\Users\jagsr\AppData\Roaming\.slopvault\dataset\laura_the_foodie\log\milkmaid-run-2026-06-01T21-12-30-900Z.jsonl"
"laurenlushh","stufferdb","milkmaid","2026-06-01T21:12:39.856Z","2026-06-01T21:12:42.950Z","0.1m","8","0","0","0","0 B","0","0 B","8","0","0","0","false","false","C:\Users\jagsr\AppData\Roaming\.slopvault\dataset\laurenlushh\log\milkmaid-run-2026-06-01T21-12-39-855Z.jsonl"
"laurenlushh","stufferdb","milkmaid","2026-06-01T21:12:46.689Z","2026-06-01T21:12:53.026Z","0.1m","2","0","0","0","0 B","0","0 B","2","0","0","0","false","false","C:\Users\jagsr\AppData\Roaming\.slopvault\dataset\laurenlushh\log\milkmaid-run-2026-06-01T21-12-46-688Z.jsonl"
"lilmamakay","stufferdb","milkmaid","2026-06-01T21:12:55.274Z","2026-06-01T21:13:46.332Z","0.9m","160","0","0","0","0 B","0","0 B","160","0","0","0","false","false","C:\Users\jagsr\AppData\Roaming\.slopvault\dataset\lilmamakay\log\milkmaid-run-2026-06-01T21-12-55-273Z.jsonl"
"lisaloussbbw","coomerfans","hoghaul","2026-06-01T21:14:09.472Z","2026-06-01T21:20:28.693Z","6.3m","4180","826","0","0","0 B","74833049","71 MB","4164","4168","10","2","false","true","C:\Users\jagsr\AppData\Roaming\.slopvault\dataset\lisaloussbbw\log\hoghaul-run-2026-06-01T21-14-09-471Z.jsonl"
"lisaloussbbw","stufferdb","milkmaid","2026-06-01T21:20:31.711Z","2026-06-01T21:20:35.066Z","0.1m","59","0","0","0","0 B","0","0 B","59","0","0","0","false","false","C:\Users\jagsr\AppData\Roaming\.slopvault\dataset\lisaloussbbw\log\milkmaid-run-2026-06-01T21-20-31-710Z.jsonl"
"littlecurvydevil","stufferdb","milkmaid","2026-06-01T21:20:43.259Z","2026-06-01T21:20:50.453Z","0.1m","173","0","0","0","0 B","0","0 B","173","0","0","0","false","false","C:\Users\jagsr\AppData\Roaming\.slopvault\dataset\littlecurvydevil\log\milkmaid-run-2026-06-01T21-20-43-258Z.jsonl"
"livpat3","coomerfans","hoghaul","2026-06-01T21:20:57.708Z","2026-06-01T21:21:07.130Z","0.2m","753","228","0","0","0 B","0","0 B","753","753","0","0","false","true","C:\Users\jagsr\AppData\Roaming\.slopvault\dataset\livpat3\log\hoghaul-run-2026-06-01T21-20-57-707Z.jsonl"
"livpat3","stufferdb","milkmaid","2026-06-01T21:21:13.424Z","2026-06-01T21:21:17.331Z","0.1m","44","0","0","0","0 B","0","0 B","44","0","0","0","false","false","C:\Users\jagsr\AppData\Roaming\.slopvault\dataset\livpat3\log\milkmaid-run-2026-06-01T21-21-13-424Z.jsonl"
"lrm_bbw","coomerfans","hoghaul","2026-06-01T21:21:22.360Z","2026-06-01T21:21:26.507Z","0.1m","346","134","0","0","0 B","0","0 B","346","346","0","0","false","true","C:\Users\jagsr\AppData\Roaming\.slopvault\dataset\lrm_bbw\log\hoghaul-run-2026-06-01T21-21-22-359Z.jsonl"
"lrm_bbw","stufferdb","milkmaid","2026-06-01T21:21:29.026Z","2026-06-01T21:21:35.560Z","0.1m","165","0","0","0","0 B","0","0 B","165","0","0","0","false","false","C:\Users\jagsr\AppData\Roaming\.slopvault\dataset\lrm_bbw\log\milkmaid-run-2026-06-01T21-21-29-025Z.jsonl"
"mamahorker_amanda_faye","stufferdb","milkmaid","2026-06-01T21:21:37.723Z","2026-06-01T21:22:16.711Z","0.6m","327","0","0","0","0 B","0","0 B","319","8","0","0","false","false","C:\Users\jagsr\AppData\Roaming\.slopvault\dataset\mamahorker_amanda_faye\log\milkmaid-run-2026-06-01T21-21-37-723Z.jsonl"
"margot_bbw","stufferdb","milkmaid","2026-06-01T21:22:19.137Z","2026-06-01T21:22:22.989Z","0.1m","127","0","0","0","0 B","0","0 B","127","0","0","0","false","false","C:\Users\jagsr\AppData\Roaming\.slopvault\dataset\margot_bbw\log\milkmaid-run-2026-06-01T21-22-19-137Z.jsonl"
"maria_alive","stufferdb","milkmaid","2026-06-01T21:22:28.605Z","2026-06-01T21:23:42.193Z","1.2m","469","0","0","0","0 B","0","0 B","469","0","0","0","false","false","C:\Users\jagsr\AppData\Roaming\.slopvault\dataset\maria_alive\log\milkmaid-run-2026-06-01T21-22-28-605Z.jsonl"
"mary_boberry","stufferdb","milkmaid","2026-06-01T21:23:44.630Z","2026-06-01T21:23:57.470Z","0.2m","278","0","0","0","0 B","0","0 B","278","0","0","0","false","false","C:\Users\jagsr\AppData\Roaming\.slopvault\dataset\mary_boberry\log\milkmaid-run-2026-06-01T21-23-44-629Z.jsonl"
"mistress_bianca","stufferdb","milkmaid","2026-06-01T21:24:01.535Z","2026-06-01T21:24:05.409Z","0.1m","54","0","0","0","0 B","0","0 B","54","0","0","0","false","false","C:\Users\jagsr\AppData\Roaming\.slopvault\dataset\mistress_bianca\log\milkmaid-run-2026-06-01T21-24-01-534Z.jsonl"
"mochii_babii","stufferdb","milkmaid","2026-06-01T21:24:08.289Z","2026-06-01T21:26:48.949Z","2.7m","1404","0","0","0","0 B","0","0 B","1402","2","0","0","false","false","C:\Users\jagsr\AppData\Roaming\.slopvault\dataset\mochii_babii\log\milkmaid-run-2026-06-01T21-24-08-289Z.jsonl"
"moonikuko","reddit","hoghaul","2026-06-01T21:26:54.087Z","2026-06-01T21:26:57.300Z","0.1m","187","268","0","0","0 B","11440099","11 MB","174","187","0","0","false","true","C:\Users\jagsr\AppData\Roaming\.slopvault\dataset\moonikuko\log\hoghaul-run-2026-06-01T21-26-54-086Z.jsonl"
"moonikuko","coomerfans","hoghaul","2026-06-01T21:27:10.714Z","2026-06-01T21:30:36.546Z","3.4m","2531","427","0","0","0 B","76634915","73 MB","2496","2531","0","0","false","true","C:\Users\jagsr\AppData\Roaming\.slopvault\dataset\moonikuko\log\hoghaul-run-2026-06-01T21-27-10-713Z.jsonl"
"moonikuko","stufferdb","milkmaid","2026-06-01T21:30:46.657Z","2026-06-01T21:30:51.410Z","0.1m","28","0","0","0","0 B","0","0 B","28","0","0","0","false","false","C:\Users\jagsr\AppData\Roaming\.slopvault\dataset\moonikuko\log\milkmaid-run-2026-06-01T21-30-46-656Z.jsonl"
"mskristinaxo","stufferdb","milkmaid","2026-06-01T21:31:00.793Z","2026-06-01T21:31:04.159Z","0.1m","51","0","0","0","0 B","0","0 B","51","0","0","0","false","false","C:\Users\jagsr\AppData\Roaming\.slopvault\dataset\mskristinaxo\log\milkmaid-run-2026-06-01T21-31-00-792Z.jsonl"
"mskristinaxo","stufferdb","milkmaid","2026-06-01T21:31:10.793Z","2026-06-01T21:31:14.015Z","0.1m","63","0","0","0","0 B","0","0 B","63","0","0","0","false","false","C:\Users\jagsr\AppData\Roaming\.slopvault\dataset\mskristinaxo\log\milkmaid-run-2026-06-01T21-31-10-792Z.jsonl"
"muffinmaid","stufferdb","milkmaid","2026-06-01T21:31:19.433Z","2026-06-01T21:31:29.043Z","0.2m","130","0","0","0","0 B","0","0 B","130","0","0","0","false","false","C:\Users\jagsr\AppData\Roaming\.slopvault\dataset\muffinmaid\log\milkmaid-run-2026-06-01T21-31-19-432Z.jsonl"
"myfatblondegf","coomerfans","hoghaul","2026-06-01T21:31:54.616Z","2026-06-02T00:36:05.933Z","3h 4m","1332","881","1265","20218137347","19 GB","21879800891","20 GB","0","66","1","0","false","true","C:\Users\jagsr\AppData\Roaming\.slopvault\dataset\myfatblondegf\log\hoghaul-run-2026-06-01T21-31-54-615Z.jsonl"
"myfatblondegf","stufferdb","milkmaid","2026-06-02T00:42:35.888Z","2026-06-02T00:42:47.048Z","0.2m","155","0","0","0","0 B","0","0 B","155","0","0","0","false","false","C:\Users\jagsr\AppData\Roaming\.slopvault\dataset\myfatblondegf\log\milkmaid-run-2026-06-02T00-42-35-887Z.jsonl"
"myfatblondegf","stufferdb","milkmaid","2026-06-02T00:42:51.861Z","2026-06-02T00:44:46.997Z","1.9m","135","0","0","0","0 B","0","0 B","135","0","0","0","false","false","C:\Users\jagsr\AppData\Roaming\.slopvault\dataset\myfatblondegf\log\milkmaid-run-2026-06-02T00-42-51-860Z.jsonl"
"natygetsfatty","stufferdb","milkmaid","2026-06-02T00:44:56.515Z","2026-06-02T00:45:00.086Z","0.1m","87","0","0","0","0 B","0","0 B","87","0","0","0","false","false","C:\Users\jagsr\AppData\Roaming\.slopvault\dataset\natygetsfatty\log\milkmaid-run-2026-06-02T00-44-56-514Z.jsonl"
"nora_ell","stufferdb","milkmaid","2026-06-02T00:45:05.772Z","2026-06-02T00:45:08.493Z","0.0m","81","0","0","0","0 B","0","0 B","81","0","0","0","false","false","C:\Users\jagsr\AppData\Roaming\.slopvault\dataset\nora_ell\log\milkmaid-run-2026-06-02T00-45-05-771Z.jsonl"
"paofedee","stufferdb","milkmaid","2026-06-02T00:45:10.818Z","2026-06-02T00:45:14.355Z","0.1m","32","0","0","0","0 B","0","0 B","32","0","0","0","false","false","C:\Users\jagsr\AppData\Roaming\.slopvault\dataset\paofedee\log\milkmaid-run-2026-06-02T00-45-10-817Z.jsonl"
"passion","stufferdb","milkmaid","2026-06-02T00:45:16.680Z","2026-06-02T00:45:33.087Z","0.3m","424","0","0","0","0 B","0","0 B","424","0","0","0","false","false","C:\Users\jagsr\AppData\Roaming\.slopvault\dataset\passion\log\milkmaid-run-2026-06-02T00-45-16-679Z.jsonl"
"piggyjrc","stufferdb","milkmaid","2026-06-02T00:45:38.122Z","2026-06-02T00:45:45.293Z","0.1m","27","0","0","0","0 B","0","0 B","27","0","0","0","false","false","C:\Users\jagsr\AppData\Roaming\.slopvault\dataset\piggyjrc\log\milkmaid-run-2026-06-02T00-45-38-122Z.jsonl"
"plumpprincess","stufferdb","milkmaid","2026-06-02T00:45:47.620Z","2026-06-02T00:46:00.745Z","0.2m","229","0","0","0","0 B","0","0 B","229","0","0","0","false","false","C:\Users\jagsr\AppData\Roaming\.slopvault\dataset\plumpprincess\log\milkmaid-run-2026-06-02T00-45-47-619Z.jsonl"
"poptartbelly","kemono","hoghaul","2026-06-02T00:46:03.922Z","2026-06-02T00:46:04.502Z","0.0m","481","228","0","0","0 B","0","0 B","0","0","1","0","true","false","C:\Users\jagsr\AppData\Roaming\.slopvault\dataset\poptartbelly\log\hoghaul-run-2026-06-02T00-46-03-921Z.jsonl"
"poptartbelly","coomerfans","hoghaul","2026-06-02T00:46:15.934Z","2026-06-02T01:02:03.237Z","16m","1856","425","0","0","0 B","663686697","633 MB","1852","1856","0","0","false","true","C:\Users\jagsr\AppData\Roaming\.slopvault\dataset\poptartbelly\log\hoghaul-run-2026-06-02T00-46-15-933Z.jsonl"
"poptartbelly","stufferdb","milkmaid","2026-06-02T01:02:13.351Z","2026-06-02T01:02:25.387Z","0.2m","161","0","0","0","0 B","0","0 B","160","1","0","0","false","false","C:\Users\jagsr\AppData\Roaming\.slopvault\dataset\poptartbelly\log\milkmaid-run-2026-06-02T01-02-13-350Z.jsonl"
"pretty_pettybabe","stufferdb","milkmaid","2026-06-02T01:02:27.788Z","2026-06-02T01:02:33.146Z","0.1m","51","0","2","340230","332 KB","0","0 B","49","0","0","0","false","false","C:\Users\jagsr\AppData\Roaming\.slopvault\dataset\pretty_pettybabe\log\milkmaid-run-2026-06-02T01-02-27-787Z.jsonl"
"prettyplsgemini","reddit","hoghaul","2026-06-02T01:02:41.485Z","2026-06-02T01:02:42.544Z","0.0m","702","764","0","0","0 B","0","0 B","702","702","0","0","false","true","C:\Users\jagsr\AppData\Roaming\.slopvault\dataset\prettyplsgemini\log\hoghaul-run-2026-06-02T01-02-41-484Z.jsonl"
"pumpkincakezz","coomerfans","hoghaul","2026-06-02T01:03:23.595Z","2026-06-02T01:16:07.733Z","13m","3579","1365","0","0","0 B","589529769","562 MB","2810","3579","0","0","false","true","C:\Users\jagsr\AppData\Roaming\.slopvault\dataset\pumpkincakezz\log\hoghaul-run-2026-06-02T01-03-23-594Z.jsonl"
"pumpkincakezz","stufferdb","milkmaid","2026-06-02T01:16:10.573Z","2026-06-02T01:16:13.633Z","0.1m","71","0","0","0","0 B","0","0 B","71","0","0","0","false","false","C:\Users\jagsr\AppData\Roaming\.slopvault\dataset\pumpkincakezz\log\milkmaid-run-2026-06-02T01-16-10-572Z.jsonl"
"ramenslurper","stufferdb","milkmaid","2026-06-02T01:16:18.030Z","2026-06-02T01:16:21.248Z","0.1m","24","0","0","0","0 B","0","0 B","24","0","0","0","false","false","C:\Users\jagsr\AppData\Roaming\.slopvault\dataset\ramenslurper\log\milkmaid-run-2026-06-02T01-16-18-030Z.jsonl"
"redheadchubbybunni","stufferdb","milkmaid","2026-06-02T01:16:23.606Z","2026-06-02T01:17:00.728Z","0.6m","301","0","0","0","0 B","0","0 B","300","1","0","0","false","false","C:\Users\jagsr\AppData\Roaming\.slopvault\dataset\redheadchubbybunni\log\milkmaid-run-2026-06-02T01-16-23-605Z.jsonl"
"ryliehaze","stufferdb","milkmaid","2026-06-02T01:17:26.763Z","2026-06-02T01:17:45.197Z","0.3m","210","0","0","0","0 B","0","0 B","210","0","0","0","false","false","C:\Users\jagsr\AppData\Roaming\.slopvault\dataset\ryliehaze\log\milkmaid-run-2026-06-02T01-17-26-762Z.jsonl"
"ryyds","stufferdb","milkmaid","2026-06-02T01:17:47.795Z","2026-06-02T01:17:52.910Z","0.1m","202","0","0","0","0 B","0","0 B","202","0","0","0","false","false","C:\Users\jagsr\AppData\Roaming\.slopvault\dataset\ryyds\log\milkmaid-run-2026-06-02T01-17-47-794Z.jsonl"
"sabrina_ssbbw","stufferdb","milkmaid","2026-06-02T01:17:55.082Z","2026-06-02T01:18:38.658Z","0.7m","441","0","0","0","0 B","0","0 B","441","0","0","0","false","false","C:\Users\jagsr\AppData\Roaming\.slopvault\dataset\sabrina_ssbbw\log\milkmaid-run-2026-06-02T01-17-55-081Z.jsonl"
"satanpanties666","reddit","hoghaul","2026-06-02T01:18:45.266Z","2026-06-02T01:23:33.865Z","4.8m","589","621","132","551519372","526 MB","1154004054","1.1 GB","0","457","0","0","false","true","C:\Users\jagsr\AppData\Roaming\.slopvault\dataset\satanpanties666\log\hoghaul-run-2026-06-02T01-18-45-266Z.jsonl"
"satanpanties666","coomerfans","hoghaul","2026-06-02T01:24:05.622Z","2026-06-02T01:32:24.116Z","8.3m","2910","422","0","0","0 B","103821150","99 MB","2904","2906","4","0","false","true","C:\Users\jagsr\AppData\Roaming\.slopvault\dataset\satanpanties666\log\hoghaul-run-2026-06-02T01-24-05-621Z.jsonl"
"satanpanties666","stufferdb","milkmaid","2026-06-02T01:32:29.098Z","2026-06-02T01:33:17.237Z","0.8m","48","0","0","0","0 B","0","0 B","48","0","0","0","false","false","C:\Users\jagsr\AppData\Roaming\.slopvault\dataset\satanpanties666\log\milkmaid-run-2026-06-02T01-32-29-097Z.jsonl"
"satanpanties666","stufferdb","milkmaid","2026-06-02T01:33:23.512Z","2026-06-02T01:33:39.745Z","0.3m","47","0","0","0","0 B","0","0 B","47","0","0","0","false","false","C:\Users\jagsr\AppData\Roaming\.slopvault\dataset\satanpanties666\log\milkmaid-run-2026-06-02T01-33-23-511Z.jsonl"
"satanpanties666","stufferdb","milkmaid","2026-06-02T01:33:45.181Z","2026-06-02T01:34:27.132Z","0.7m","41","0","0","0","0 B","0","0 B","41","0","0","0","false","false","C:\Users\jagsr\AppData\Roaming\.slopvault\dataset\satanpanties666\log\milkmaid-run-2026-06-02T01-33-45-181Z.jsonl"
"satanpanties666","stufferdb","milkmaid","2026-06-02T01:34:31.034Z","2026-06-02T01:34:38.555Z","0.1m","129","0","0","0","0 B","0","0 B","129","0","0","0","false","false","C:\Users\jagsr\AppData\Roaming\.slopvault\dataset\satanpanties666\log\milkmaid-run-2026-06-02T01-34-31-033Z.jsonl"
"savannahmontana","stufferdb","milkmaid","2026-06-02T01:34:41.065Z","2026-06-02T01:34:43.704Z","0.0m","34","0","0","0","0 B","0","0 B","34","0","0","0","false","false","C:\Users\jagsr\AppData\Roaming\.slopvault\dataset\savannahmontana\log\milkmaid-run-2026-06-02T01-34-41-064Z.jsonl"
"sexy_curvi","stufferdb","milkmaid","2026-06-02T01:34:47.663Z","2026-06-02T01:34:50.403Z","0.0m","29","0","0","0","0 B","0","0 B","29","0","0","0","false","false","C:\Users\jagsr\AppData\Roaming\.slopvault\dataset\sexy_curvi\log\milkmaid-run-2026-06-02T01-34-47-662Z.jsonl"
"sexy_signature","stufferdb","milkmaid","2026-06-02T01:34:53.095Z","2026-06-02T01:34:58.008Z","0.1m","123","0","0","0","0 B","0","0 B","123","0","0","0","false","false","C:\Users\jagsr\AppData\Roaming\.slopvault\dataset\sexy_signature\log\milkmaid-run-2026-06-02T01-34-53-094Z.jsonl"
"sexycreolyta4u","stufferdb","milkmaid","2026-06-02T01:35:01.179Z","2026-06-02T01:35:04.327Z","0.1m","103","0","0","0","0 B","0","0 B","103","0","0","0","false","false","C:\Users\jagsr\AppData\Roaming\.slopvault\dataset\sexycreolyta4u\log\milkmaid-run-2026-06-02T01-35-01-179Z.jsonl"
"shroomprincess0","stufferdb","milkmaid","2026-06-02T01:35:06.570Z","2026-06-02T01:35:10.582Z","0.1m","73","0","0","0","0 B","0","0 B","73","0","0","0","false","false","C:\Users\jagsr\AppData\Roaming\.slopvault\dataset\shroomprincess0\log\milkmaid-run-2026-06-02T01-35-06-569Z.jsonl"
"shymercat","stufferdb","milkmaid","2026-06-02T01:35:12.754Z","2026-06-02T01:35:16.124Z","0.1m","27","0","0","0","0 B","0","0 B","27","0","0","0","false","false","C:\Users\jagsr\AppData\Roaming\.slopvault\dataset\shymercat\log\milkmaid-run-2026-06-02T01-35-12-753Z.jsonl"
"skylar_bc","stufferdb","milkmaid","2026-06-02T01:35:19.083Z","2026-06-02T01:36:22.835Z","1.1m","609","0","0","0","0 B","0","0 B","606","2","1","0","false","false","C:\Users\jagsr\AppData\Roaming\.slopvault\dataset\skylar_bc\log\milkmaid-run-2026-06-02T01-35-19-082Z.jsonl"
"snowangelcake","reddit","hoghaul","2026-06-02T01:36:50.131Z","2026-06-02T01:47:07.446Z","10m","948","1899","514","3220063551","3.0 GB","5030563041","4.7 GB","0","433","1","0","false","true","C:\Users\jagsr\AppData\Roaming\.slopvault\dataset\snowangelcake\log\hoghaul-run-2026-06-02T01-36-50-130Z.jsonl"
"snowangelcake","coomerfans","hoghaul","2026-06-02T01:48:42.357Z","2026-06-02T01:49:35.355Z","0.9m","523","441","0","0","0 B","14433404","14 MB","522","523","0","0","false","true","C:\Users\jagsr\AppData\Roaming\.slopvault\dataset\snowangelcake\log\hoghaul-run-2026-06-02T01-48-42-356Z.jsonl"
"snowangelcake","stufferdb","milkmaid","2026-06-02T01:49:37.788Z","2026-06-02T01:49:42.903Z","0.1m","173","0","0","0","0 B","0","0 B","173","0","0","0","false","false","C:\Users\jagsr\AppData\Roaming\.slopvault\dataset\snowangelcake\log\milkmaid-run-2026-06-02T01-49-37-787Z.jsonl"
"softshortnsweet","coomerfans","hoghaul","2026-06-02T01:49:58.914Z","2026-06-02T01:53:01.208Z","3.0m","1169","626","0","0","0 B","103744002","99 MB","1159","1167","2","0","false","true","C:\Users\jagsr\AppData\Roaming\.slopvault\dataset\softshortnsweet\log\hoghaul-run-2026-06-02T01-49-58-913Z.jsonl"
"softshortnsweet","stufferdb","milkmaid","2026-06-02T01:53:05.443Z","2026-06-02T01:53:08.739Z","0.1m","4","0","0","0","0 B","0","0 B","4","0","0","0","false","false","C:\Users\jagsr\AppData\Roaming\.slopvault\dataset\softshortnsweet\log\milkmaid-run-2026-06-02T01-53-05-442Z.jsonl"
"sonyabbw","reddit","hoghaul","2026-06-02T01:53:11.004Z","2026-06-02T01:53:39.483Z","0.5m","45","53","12","2340264","2.2 MB","7103982","6.8 MB","0","33","0","0","false","true","C:\Users\jagsr\AppData\Roaming\.slopvault\dataset\sonyabbw\log\hoghaul-run-2026-06-02T01-53-11-004Z.jsonl"
"sonyabbw","stufferdb","milkmaid","2026-06-02T01:53:44.392Z","2026-06-02T01:53:47.311Z","0.0m","17","0","0","0","0 B","0","0 B","17","0","0","0","false","false","C:\Users\jagsr\AppData\Roaming\.slopvault\dataset\sonyabbw\log\milkmaid-run-2026-06-02T01-53-44-391Z.jsonl"
"starphucker","reddit","hoghaul","2026-06-02T01:53:55.422Z","2026-06-02T01:55:03.714Z","1.1m","175","437","69","33206291","32 MB","81197298","77 MB","0","106","0","0","false","true","C:\Users\jagsr\AppData\Roaming\.slopvault\dataset\starphucker\log\hoghaul-run-2026-06-02T01-53-55-421Z.jsonl"
"starphucker","stufferdb","milkmaid","2026-06-02T01:55:12.602Z","2026-06-02T01:55:14.940Z","0.0m","109","0","0","0","0 B","0","0 B","109","0","0","0","false","false","C:\Users\jagsr\AppData\Roaming\.slopvault\dataset\starphucker\log\milkmaid-run-2026-06-02T01-55-12-602Z.jsonl"
"sweetsp666","coomerfans","hoghaul","2026-06-02T01:55:22.838Z","2026-06-02T03:03:22.773Z","1h 8m","538","248","0","0","0 B","9512559671","8.9 GB","382","538","0","0","false","true","C:\Users\jagsr\AppData\Roaming\.slopvault\dataset\sweetsp666\log\hoghaul-run-2026-06-02T01-55-22-837Z.jsonl"
"sweetsp666","stufferdb","milkmaid","2026-06-02T03:03:25.176Z","2026-06-02T03:03:30.299Z","0.1m","154","0","0","0","0 B","0","0 B","154","0","0","0","false","false","C:\Users\jagsr\AppData\Roaming\.slopvault\dataset\sweetsp666\log\milkmaid-run-2026-06-02T03-03-25-175Z.jsonl"
"that-fatt-girl_bbw_bethany","stufferdb","milkmaid","2026-06-02T03:03:33.460Z","2026-06-02T03:03:44.597Z","0.2m","211","0","0","0","0 B","0","0 B","211","0","0","0","false","false","C:\Users\jagsr\AppData\Roaming\.slopvault\dataset\that-fatt-girl_bbw_bethany\log\milkmaid-run-2026-06-02T03-03-33-459Z.jsonl"
"thedollbb","stufferdb","milkmaid","2026-06-02T03:03:47.183Z","2026-06-02T03:03:49.910Z","0.0m","20","0","0","0","0 B","0","0 B","20","0","0","0","false","false","C:\Users\jagsr\AppData\Roaming\.slopvault\dataset\thedollbb\log\milkmaid-run-2026-06-02T03-03-47-182Z.jsonl"
"thedumplin","stufferdb","milkmaid","2026-06-02T03:04:20.287Z","2026-06-02T03:04:55.508Z","0.6m","392","0","0","0","0 B","0","0 B","370","22","0","0","false","false","C:\Users\jagsr\AppData\Roaming\.slopvault\dataset\thedumplin\log\milkmaid-run-2026-06-02T03-04-20-286Z.jsonl"
"therachelhanna","reddit","hoghaul","2026-06-02T03:05:24.785Z","2026-06-02T03:06:57.188Z","1.5m","1006","1951","1","10985946","10 MB","66744741","64 MB","837","1005","0","0","false","true","C:\Users\jagsr\AppData\Roaming\.slopvault\dataset\therachelhanna\log\hoghaul-run-2026-06-02T03-05-24-783Z.jsonl"
"therachelhanna","stufferdb","milkmaid","2026-06-02T03:06:59.896Z","2026-06-02T03:07:09.394Z","0.2m","329","0","0","0","0 B","0","0 B","329","0","0","0","false","false","C:\Users\jagsr\AppData\Roaming\.slopvault\dataset\therachelhanna\log\milkmaid-run-2026-06-02T03-06-59-895Z.jsonl"
"theroxyclover","reddit","hoghaul","2026-06-02T03:07:11.750Z","2026-06-02T03:07:14.096Z","0.0m","1","1","1","3293982","3.1 MB","3293982","3.1 MB","0","0","0","0","false","true","C:\Users\jagsr\AppData\Roaming\.slopvault\dataset\theroxyclover\log\hoghaul-run-2026-06-02T03-07-11-749Z.jsonl"
"theroxyclover","coomerfans","hoghaul","2026-06-02T03:07:18.423Z","2026-06-02T03:07:21.783Z","0.1m","239","93","0","0","0 B","0","0 B","239","239","0","0","false","true","C:\Users\jagsr\AppData\Roaming\.slopvault\dataset\theroxyclover\log\hoghaul-run-2026-06-02T03-07-18-422Z.jsonl"
"theroxyclover","stufferdb","milkmaid","2026-06-02T03:07:25.946Z","2026-06-02T03:07:35.897Z","0.2m","224","0","0","0","0 B","0","0 B","224","0","0","0","false","false","C:\Users\jagsr\AppData\Roaming\.slopvault\dataset\theroxyclover\log\milkmaid-run-2026-06-02T03-07-25-945Z.jsonl"
"thiccollegegirl","stufferdb","milkmaid","2026-06-02T03:07:39.753Z","2026-06-02T03:07:50.000Z","0.2m","333","0","0","0","0 B","0","0 B","333","0","0","0","false","false","C:\Users\jagsr\AppData\Roaming\.slopvault\dataset\thiccollegegirl\log\milkmaid-run-2026-06-02T03-07-39-752Z.jsonl"
"thickashoney","stufferdb","milkmaid","2026-06-02T03:07:54.066Z","2026-06-02T03:07:56.507Z","0.0m","25","0","0","0","0 B","0","0 B","25","0","0","0","false","false","C:\Users\jagsr\AppData\Roaming\.slopvault\dataset\thickashoney\log\milkmaid-run-2026-06-02T03-07-54-065Z.jsonl"
"thickhungryhoney","coomerfans","hoghaul","2026-06-02T03:08:20.182Z","2026-06-02T04:34:58.755Z","1h 27m","5085","871","0","0","0 B","2839750759","2.6 GB","5057","5075","9","1","false","true","C:\Users\jagsr\AppData\Roaming\.slopvault\dataset\thickhungryhoney\log\hoghaul-run-2026-06-02T03-08-20-181Z.jsonl"
"thickhungryhoney","stufferdb","milkmaid","2026-06-02T04:35:01.676Z","2026-06-02T04:35:05.195Z","0.1m","23","0","0","0","0 B","0","0 B","23","0","0","0","false","false","C:\Users\jagsr\AppData\Roaming\.slopvault\dataset\thickhungryhoney\log\milkmaid-run-2026-06-02T04-35-01-675Z.jsonl"
"tianastummy","coomerfans","hoghaul","2026-06-02T04:35:27.972Z","2026-06-02T10:11:56.862Z","5h 36m","6942","821","6287","33307785437","31 GB","33312156652","31 GB","30","144","511","0","false","true","C:\Users\jagsr\AppData\Roaming\.slopvault\dataset\tianastummy\log\hoghaul-run-2026-06-02T04-35-27-971Z.jsonl"
"tianastummy","stufferdb","milkmaid","2026-06-02T10:31:58.246Z","2026-06-02T10:32:13.029Z","0.2m","318","0","0","0","0 B","0","0 B","312","6","0","0","false","false","C:\Users\jagsr\AppData\Roaming\.slopvault\dataset\tianastummy\log\milkmaid-run-2026-06-02T10-31-58-245Z.jsonl"
"udderly_adorable","stufferdb","milkmaid","2026-06-02T10:32:17.905Z","2026-06-02T10:32:34.887Z","0.3m","281","0","0","0","0 B","0","0 B","281","0","0","0","false","false","C:\Users\jagsr\AppData\Roaming\.slopvault\dataset\udderly_adorable\log\milkmaid-run-2026-06-02T10-32-17-904Z.jsonl"
"virethealark","reddit","hoghaul","2026-06-02T10:32:48.915Z","2026-06-02T10:43:32.391Z","11m","1294","1362","391","3288662546","3.1 GB","10750185088","10 GB","0","903","0","0","false","true","C:\Users\jagsr\AppData\Roaming\.slopvault\dataset\virethealark\log\hoghaul-run-2026-06-02T10-32-48-914Z.jsonl"
"virethealark","stufferdb","milkmaid","2026-06-02T10:44:47.732Z","2026-06-02T10:44:53.983Z","0.1m","132","0","1","240365","235 KB","0","0 B","131","0","0","0","false","false","C:\Users\jagsr\AppData\Roaming\.slopvault\dataset\virethealark\log\milkmaid-run-2026-06-02T10-44-47-731Z.jsonl"
"wantstosleepwu","reddit","hoghaul","2026-06-02T10:44:57.206Z","2026-06-02T10:45:14.213Z","0.3m","87","95","1","314649","307 KB","11132578","11 MB","54","86","0","0","false","true","C:\Users\jagsr\AppData\Roaming\.slopvault\dataset\wantstosleepwu\log\hoghaul-run-2026-06-02T10-44-57-205Z.jsonl"
"wantstosleepwu","stufferdb","milkmaid","2026-06-02T10:45:18.215Z","2026-06-02T10:45:25.979Z","0.1m","52","0","2","247517","242 KB","0","0 B","49","1","0","0","false","false","C:\Users\jagsr\AppData\Roaming\.slopvault\dataset\wantstosleepwu\log\milkmaid-run-2026-06-02T10-45-18-214Z.jsonl"