model,total,images,gif,webm
missmeforever,1,1,0,0
chubbycharlie23,2,2,0,0
hellysbigfatstash,4,4,0,0
fattiebaddie,5,5,0,0
bbw_breanna,7,6,1,0
electriclolaaa,7,7,0,0
shymercat,9,9,0,0
creative_load_2311,11,11,0,0
laurenlushh,11,6,5,0
sonyabbw,12,12,0,0
ramenslurper,14,10,4,0
juicyangel,15,13,2,0
bigbravebabe,18,18,0,0
cutiehex,18,18,0,0
flowwerpheonixx,18,18,0,0
heyyadriana,18,18,0,0
sexy_curvi,22,21,1,0
babypinkcow,24,19,5,0
cowcake,26,26,0,0
piggyjrc,26,19,7,0
mistress_bianca,27,12,15,0
thickashoney,27,11,16,0
jam_jiggle,29,26,1,2
erika_lipps,31,31,0,0
paofedee,32,29,3,0
cherryxbomb69x,34,26,8,0
distorsion_foodie,35,16,19,0
plumpprincess,39,28,11,0
powerful_dog_7052,40,40,0,0
bellissimobelly,45,45,0,0
pretty_pettybabe,49,44,5,0
fat_ass_ruby,53,44,9,0
welovealexstorm,59,59,0,0
arilove,60,50,0,10
mskristinaxo,64,63,1,0
aphrodite,70,70,0,0
bit-chh,72,72,0,0
sexycreolyta4u,74,56,17,1
margot_bbw,75,68,6,1
nora_ell,77,77,0,0
bella_abbondanza,88,86,2,0
sexy_signature,91,76,15,0
kkupid05,98,97,0,1
bustyy_b3lle,100,87,13,0
littlecurvydevil,104,87,17,0
laura_the_foodie,107,97,10,0
starphucker,109,106,3,0
carmen_lafox,117,110,7,0
azismiss,121,118,3,0
virethealark,122,114,8,0
curvyberardi,123,123,0,0
bbwbellla,127,123,4,0
hungrylilkitty1,128,128,0,0
ryyds,132,126,6,0
wantstosleepwu,135,120,15,0
lana2002x,140,127,13,0
lilmamakay,145,133,12,0
curvygothgf,160,156,4,0
natygetsfatty,163,162,1,0
darya_smirnova,164,164,0,0
goddess_shar,174,156,12,6
bodylovebritt,175,173,1,1
muffinmaid,186,179,6,1
chubbychiquita,195,174,17,4
that-fatt-girl_bbw_bethany,196,193,3,0
chubbycat666,201,140,60,1
elea-goddess,210,188,22,0
squishiebear,210,210,0,0
mary_boberry,219,213,6,0
gurlinaura,229,161,68,0
redheadchubbybunni,238,232,6,0
jasminexo2000,239,236,3,0
udderly_adorable,243,165,73,5
moonikuko,245,240,5,0
thiccollegegirl,262,216,45,1
housecow,271,270,1,0
kayla_paolini,275,266,9,0
mamahorker_amanda_faye,276,208,68,0
tianastummy,300,294,6,0
fatmerida,314,314,0,0
prettyplsgemini,318,155,163,0
blondiee188,336,312,22,2
theroxyclover,360,282,28,50
doubledenise,361,240,120,1
lanabells221,369,133,3,233
curvage_casey,378,369,9,0
passion,399,369,30,0
sabrina_ssbbw,403,354,49,0
maria_alive,418,336,81,1
lrm_bbw,424,402,22,0
freya,431,187,244,0
devi_thikk,467,444,23,0
sweetsp666,467,442,22,3
ailihex,488,435,17,36
skylar_bc,496,496,0,0
here_p1ggy,507,504,3,0
anybodylost6726,529,528,1,0
bellasky_,573,245,328,0
fatteningprincess,575,561,14,0
kitty_piggy,614,349,251,14
snowangelcake,623,416,48,159
chloe_curvingchloe_bigcuties_,635,625,10,0
bbw_demetra,678,678,0,0
livpat3,705,699,6,0
beccabae,719,670,29,20
thedumplin,781,738,7,36
abigailgray256,820,761,4,55
acdc34434_laura_fatty,878,502,180,196
cakedupkayyla,903,897,6,0
cassandracavallieri,910,813,97,0
