model,runs,sources,first,last,duration,expected,mediaSeen,videos,saved,skipped,dupes,failures
"ailihex","6","hoghaul:reddit;hoghaul:coomerfans;milkmaid:stufferdb","2026-05-26T00:00:55.752Z","2026-05-26T12:01:31.853Z","32s","1089","1089","72","0","1210","27","0"
"anybodylost6726","6","hoghaul:reddit;hoghaul:coomerfans;milkmaid:stufferdb","2026-05-26T00:01:31.829Z","2026-05-26T12:36:17.103Z","36m 51s","2282","2282","410","205","575","1371","1"
"arilove","2","milkmaid:stufferdb","2026-05-26T00:34:56.716Z","2026-05-26T12:37:16.498Z","1m 55s","164","164","20","0","20","144","0"
"azismiss","4","hoghaul:coomerfans;milkmaid:stufferdb","2026-05-26T00:36:09.210Z","2026-05-26T12:38:22.997Z","5m 52s","388","388","134","27","199","168","0"
"babypinkcow","4","hoghaul:reddit;milkmaid:stufferdb","2026-05-26T00:41:50.950Z","2026-05-26T12:38:46.541Z","1m 47s","506","506","0","1","229","241","0"
"bbw_breanna","2","milkmaid:stufferdb","2026-05-26T00:43:29.840Z","2026-05-26T13:01:26.765Z","24s","24","24","12","0","14","12","0"
"bbw_demetra","6","hoghaul:reddit;hoghaul:coomerfans;milkmaid:stufferdb","2026-05-26T00:43:46.126Z","2026-05-26T13:02:02.312Z","1h 2m 2s","1780","1780","314","157","1574","30","2"
"bbwbellla","6","hoghaul:reddit;hoghaul:coomerfans;milkmaid:stufferdb","2026-05-26T01:52:49.657Z","2026-05-26T13:04:04.863Z","1h 56m 44s","5210","5210","1352","680","2588","229","20"
"beccabae","2","milkmaid:stufferdb","2026-05-26T04:03:38.996Z","2026-05-26T13:05:48.086Z","3m 36s","239","239","0","0","1491","191","0"
"bella_abbondanza","6","hoghaul:reddit;hoghaul:coomerfans;milkmaid:stufferdb","2026-05-26T04:05:47.431Z","2026-05-26T13:24:01.730Z","1h 32m 4s","2832","1803","568","265","310","204","0"
"bellasky_","4","hoghaul:reddit;milkmaid:stufferdb","2026-05-26T05:33:44.385Z","2026-05-26T13:25:21.130Z","29m 31s","3418","3418","0","47","1827","1686","3"
"bellissimobelly","2","milkmaid:stufferdb","2026-05-26T06:03:30.426Z","2026-05-26T13:25:42.282Z","49s","56","56","0","0","48","56","0"
"bigbravebabe","2","milkmaid:stufferdb","2026-05-26T06:04:06.513Z","2026-05-26T13:26:01.527Z","59s","62","62","26","0","26","36","0"
"bit-chh","2","milkmaid:stufferdb","2026-05-26T06:04:55.053Z","2026-05-26T13:26:54.672Z","2m 13s","133","133","0","0","17","130","0"
"blondiee188","2","milkmaid:stufferdb","2026-05-26T06:06:22.962Z","2026-05-26T13:29:12.349Z","7m 8s","462","462","0","0","254","462","0"
"bodylovebritt","4","hoghaul:coomerfans;milkmaid:stufferdb","2026-05-26T06:11:31.340Z","2026-05-26T13:30:11.708Z","7m 8s","667","667","299","0","579","92","0"
"bustyy_b3lle","2","milkmaid:stufferdb","2026-05-26T06:18:07.703Z","2026-05-26T13:31:35.513Z","4m 26s","303","303","43","3","77","260","0"
"carmen_lafox","2","milkmaid:stufferdb","2026-05-26T06:21:17.722Z","2026-05-26T15:24:57.145Z","1m 3s","34","34","10","0","244","24","0"
"cherryxbomb69x","2","milkmaid:stufferdb","2026-05-26T06:22:02.648Z","2026-05-26T16:26:47.047Z","44s","68","68","0","0","0","68","0"
"chloe_curvingchloe_bigcuties_","2","milkmaid:stufferdb","2026-05-26T06:22:29.193Z","2026-05-26T16:32:57.716Z","13m 52s","1514","1514","226","0","246","1288","0"
"chubbycat666","2","milkmaid:stufferdb","2026-05-26T06:30:25.057Z","2026-05-26T16:34:35.764Z","5m 15s","361","361","71","0","191","290","0"
"chubbychiquita","4","milkmaid:stufferdb","2026-05-26T06:34:13.261Z","2026-05-26T16:34:56.678Z","50s","19","19","2","0","407","0","2"
"cowcake","2","milkmaid:stufferdb","2026-05-26T06:34:57.303Z","2026-05-26T18:47:49.670Z","3m 20s","88","88","36","0","36","52","0"
"creative_load_2311","2","milkmaid:stufferdb","2026-05-26T06:35:49.687Z","2026-05-26T18:48:49.772Z","52s","2","2","0","0","20","2","0"
"curvage_casey","4","milkmaid:stufferdb","2026-05-26T06:36:00.436Z","2026-05-26T18:51:04.412Z","2m 55s","71","71","47","0","797","22","0"
"curvyberardi","2","milkmaid:stufferdb","2026-05-26T06:37:06.629Z","2026-05-26T18:55:56.891Z","6m 48s","264","264","12","0","12","252","0"
"curvygothgf","4","hoghaul:coomerfans;milkmaid:stufferdb","2026-05-26T06:39:16.996Z","2026-05-26T18:58:33.368Z","3m 25s","128","128","16","0","24","110","0"
"cutiehex","2","milkmaid:stufferdb","2026-05-26T06:40:23.307Z","2026-05-26T18:59:38.959Z","1m 6s","36","36","0","0","0","36","0"
"darya_smirnova","2","milkmaid:stufferdb","2026-05-26T06:40:40.895Z","2026-05-26T19:04:10.115Z","8m 9s","366","366","10","0","14","356","0"
"devi_thikk","2","milkmaid:stufferdb","2026-05-26T06:44:27.571Z","2026-05-26T19:07:33.882Z","4m 59s","197","197","113","0","1047","84","0"
"distorsion_foodie","2","milkmaid:stufferdb","2026-05-26T06:46:14.801Z","2026-05-26T19:08:41.314Z","1m 32s","78","78","0","1","8","70","0"
"doubledenise","2","milkmaid:stufferdb","2026-05-26T06:46:57.387Z","2026-05-26T19:14:08.418Z","10m 33s","526","526","40","0","300","486","0"
"elea-goddess","4","milkmaid:stufferdb","2026-05-26T06:52:13.324Z","2026-05-26T19:17:39.515Z","6m 32s","690","690","10","0","14","675","1"
"electriclolaaa","2","milkmaid:stufferdb","2026-05-26T06:55:32.424Z","2026-05-26T19:17:58.165Z","19s","15","15","0","0","1","14","0"
"erika_lipps","2","milkmaid:stufferdb","2026-05-26T06:55:44.847Z","2026-05-26T19:18:17.429Z","47s","62","62","0","0","0","62","0"
"fat_ass_ruby","2","milkmaid:stufferdb","2026-05-26T06:56:19.458Z","2026-05-26T19:18:49.636Z","1m 29s","102","102","16","0","34","86","0"
"fatmerida","4","hoghaul:coomerfans;milkmaid:stufferdb","2026-05-26T06:57:34.218Z","2026-05-26T19:20:28.912Z","54m 57s","1108","1108","346","165","671","272","0"
"fatteningprincess","2","milkmaid:stufferdb","2026-05-26T07:59:54.203Z","2026-05-26T19:26:40.618Z","15m 32s","1160","1160","0","0","172","1160","0"
"fattiebaddie","2","milkmaid:stufferdb","2026-05-26T08:09:28.594Z","2026-05-26T19:26:50.048Z","8s","0","0","0","0","10","0","0"
"freya","1","milkmaid:stufferdb","2026-05-26T08:09:34.427Z","2026-05-26T08:10:20.578Z","46s","25","25","22","0","453","3","0"
"goddess_shar","1","milkmaid:stufferdb","2026-05-26T08:10:25.386Z","2026-05-26T08:13:00.291Z","2m 35s","205","205","49","0","63","156","0"
"gurlinaura","1","milkmaid:stufferdb","2026-05-26T08:13:09.312Z","2026-05-26T08:17:36.821Z","4m 28s","335","335","1","0","1","327","0"
"hellysbigfatstash","1","milkmaid:stufferdb","2026-05-26T08:17:43.493Z","2026-05-26T08:17:46.814Z","3s","0","0","0","0","4","0","0"
"here_p1ggy","2","hoghaul:coomerfans;milkmaid:stufferdb","2026-05-26T08:17:50.947Z","2026-05-26T08:21:51.048Z","3m 45s","325","325","58","39","528","43","0"
"heyyadriana","1","milkmaid:stufferdb","2026-05-26T08:21:53.645Z","2026-05-26T08:22:11.730Z","18s","19","19","0","0","0","19","0"
"housecow","2","hoghaul:coomerfans;milkmaid:stufferdb","2026-05-26T08:22:17.772Z","2026-05-26T08:22:38.304Z","14s","297","297","49","0","321","19","0"
"hungrylilkitty1","1","milkmaid:stufferdb","2026-05-26T08:22:40.926Z","2026-05-26T08:24:39.461Z","1m 59s","118","118","0","0","14","118","0"
"jam_jiggle","1","milkmaid:stufferdb","2026-05-26T08:24:43.005Z","2026-05-26T08:25:18.433Z","35s","38","38","15","0","20","23","0"
"jasminexo2000","2","hoghaul:coomerfans;milkmaid:stufferdb","2026-05-26T08:25:29.646Z","2026-05-26T08:28:58.214Z","3m 22s","268","268","8","4","167","101","0"
"juicyangel","1","milkmaid:stufferdb","2026-05-26T08:29:01.615Z","2026-05-26T08:29:22.561Z","21s","23","23","10","0","12","13","0"
"kayla_paolini","1","milkmaid:stufferdb","2026-05-26T08:29:26.635Z","2026-05-26T08:34:48.314Z","5m 22s","428","428","130","0","141","298","0"
"kitty_piggy","1","milkmaid:stufferdb","2026-05-26T08:34:57.951Z","2026-05-26T08:39:06.528Z","4m 9s","381","381","36","1","304","341","0"
"kkupid05","1","hoghaul:reddit","2026-05-26T08:39:30.429Z","2026-05-26T08:41:46.467Z","2m 16s","385","385","1","0","0","279","3"
"lana2002x","1","milkmaid:stufferdb","2026-05-26T08:41:55.949Z","2026-05-26T08:42:31.601Z","36s","19","19","8","0","148","11","0"
"lanabells221","2","hoghaul:reddit;milkmaid:stufferdb","2026-05-26T08:43:56.426Z","2026-05-26T08:49:09.589Z","5m 11s","2959","485","418","60","114","423","0"
"laura_the_foodie","1","milkmaid:stufferdb","2026-05-26T08:49:24.314Z","2026-05-26T08:50:23.112Z","59s","115","115","17","0","27","98","0"
"laurenlushh","2","milkmaid:stufferdb","2026-05-26T08:50:28.042Z","2026-05-26T08:50:44.880Z","12s","5","5","0","0","5","4","0"
"lilmamakay","1","milkmaid:stufferdb","2026-05-26T08:50:48.391Z","2026-05-26T08:52:01.649Z","1m 13s","147","147","12","0","24","135","0"
"littlecurvydevil","1","milkmaid:stufferdb","2026-05-26T08:52:06.608Z","2026-05-26T08:53:07.672Z","1m 1s","74","74","24","2","122","49","0"
"livpat3","2","hoghaul:coomerfans;milkmaid:stufferdb","2026-05-26T08:53:22.587Z","2026-05-26T09:05:04.725Z","11m 38s","801","801","85","2","671","123","0"
"lrm_bbw","2","hoghaul:coomerfans;milkmaid:stufferdb","2026-05-26T09:05:11.869Z","2026-05-26T09:17:28.681Z","11m 39s","465","465","58","33","47","431","0"
"mamahorker_amanda_faye","1","milkmaid:stufferdb","2026-05-26T09:17:47.793Z","2026-05-26T09:20:02.718Z","2m 15s","257","257","18","0","87","239","0"
"margot_bbw","1","milkmaid:stufferdb","2026-05-26T09:20:09.155Z","2026-05-26T09:21:32.101Z","1m 23s","126","126","51","0","51","75","0"
"maria_alive","1","milkmaid:stufferdb","2026-05-26T09:21:37.129Z","2026-05-26T09:24:39.362Z","3m 2s","379","379","49","0","137","330","0"
"mary_boberry","1","milkmaid:stufferdb","2026-05-26T09:24:46.826Z","2026-05-26T09:26:50.808Z","2m 4s","271","271","55","0","62","216","0"
"mistress_bianca","1","milkmaid:stufferdb","2026-05-26T09:26:56.674Z","2026-05-26T09:27:25.227Z","29s","54","54","27","0","27","27","0"
"moonikuko","2","hoghaul:reddit;milkmaid:stufferdb","2026-05-26T09:27:32.283Z","2026-05-26T09:28:45.642Z","1m 10s","376","376","0","0","0","362","0"
"mskristinaxo","2","milkmaid:stufferdb","2026-05-26T09:28:50.043Z","2026-05-26T09:29:22.486Z","30s","49","49","2","0","114","0","0"
"muffinmaid","2","hoghaul:coomerfans;milkmaid:stufferdb","2026-05-26T09:29:26.085Z","2026-05-26T09:34:46.147Z","5m 12s","304","304","125","0","281","30","0"
"natygetsfatty","2","hoghaul:coomerfans;milkmaid:stufferdb","2026-05-26T09:35:02.761Z","2026-05-26T09:39:34.474Z","4m 28s","157","157","24","1","145","82","0"
"nora_ell","1","milkmaid:stufferdb","2026-05-26T09:39:37.466Z","2026-05-26T09:40:20.748Z","43s","81","81","3","0","3","78","0"
"paofedee","1","milkmaid:stufferdb","2026-05-26T09:40:24.997Z","2026-05-26T09:40:48.463Z","23s","32","32","0","0","31","1","0"
"passion","1","milkmaid:stufferdb","2026-05-26T09:40:52.523Z","2026-05-26T09:44:17.442Z","3m 25s","394","394","13","0","43","381","0"
"piggyjrc","1","milkmaid:stufferdb","2026-05-26T09:44:23.575Z","2026-05-26T09:44:41.132Z","18s","6","6","5","0","24","1","0"
"plumpprincess","1","milkmaid:stufferdb","2026-05-26T09:44:43.589Z","2026-05-26T09:46:35.037Z","1m 51s","213","213","193","0","204","20","0"
"pretty_pettybabe","1","milkmaid:stufferdb","2026-05-26T09:46:46.569Z","2026-05-26T09:47:07.496Z","21s","18","18","0","0","31","18","0"
"prettyplsgemini","1","hoghaul:reddit","2026-05-26T09:47:16.822Z","2026-05-26T09:49:26.744Z","2m 10s","797","797","0","63","0","654","0"
"ramenslurper","1","milkmaid:stufferdb","2026-05-26T09:49:45.259Z","2026-05-26T09:50:01.059Z","16s","20","20","10","0","14","10","0"
"redheadchubbybunni","1","milkmaid:stufferdb","2026-05-26T09:50:05.262Z","2026-05-26T09:52:07.668Z","2m 2s","131","131","50","3","217","77","0"
"ryyds","1","milkmaid:stufferdb","2026-05-26T09:52:13.998Z","2026-05-26T09:54:08.291Z","1m 54s","197","197","0","0","0","182","0"
"sabrina_ssbbw","1","milkmaid:stufferdb","2026-05-26T09:54:16.941Z","2026-05-26T09:55:59.513Z","1m 43s","164","164","22","0","423","17","0"
"sexy_curvi","1","milkmaid:stufferdb","2026-05-26T09:56:07.696Z","2026-05-26T09:56:24.964Z","17s","29","29","6","0","6","23","0"
"sexy_signature","1","milkmaid:stufferdb","2026-05-26T09:56:28.964Z","2026-05-26T09:57:29.004Z","1m 0s","106","106","30","0","46","76","0"
"sexycreolyta4u","1","milkmaid:stufferdb","2026-05-26T09:57:33.328Z","2026-05-26T09:58:17.502Z","44s","86","86","21","0","38","65","0"
"shymercat","1","milkmaid:stufferdb","2026-05-26T09:58:23.449Z","2026-05-26T09:58:37.989Z","15s","27","27","17","0","17","10","0"
"skylar_bc","1","milkmaid:stufferdb","2026-05-26T09:58:42.418Z","2026-05-26T10:01:23.161Z","2m 41s","258","258","82","0","429","176","1"
"snowangelcake","2","hoghaul:coomerfans;milkmaid:stufferdb","2026-05-26T10:01:44.800Z","2026-05-26T10:04:44.674Z","2m 48s","635","635","212","14","553","114","0"
"sonyabbw","1","milkmaid:stufferdb","2026-05-26T10:04:48.862Z","2026-05-26T10:05:00.443Z","12s","16","16","0","0","1","16","0"
"starphucker","1","milkmaid:stufferdb","2026-05-26T10:05:04.986Z","2026-05-26T10:06:16.517Z","1m 12s","109","109","0","0","91","18","0"
"sweetsp666","2","hoghaul:coomerfans;milkmaid:stufferdb","2026-05-26T10:06:32.182Z","2026-05-26T10:20:27.521Z","13m 13s","683","683","229","16","144","533","0"
"that-fatt-girl_bbw_bethany","1","milkmaid:stufferdb","2026-05-26T10:20:31.436Z","2026-05-26T10:20:47.579Z","16s","16","16","12","0","206","4","0"
"thedumplin","2","hoghaul:coomerfans;milkmaid:stufferdb","2026-05-26T10:21:09.563Z","2026-05-26T10:26:48.082Z","5m 32s","1079","1079","65","0","536","650","0"
"theroxyclover","2","hoghaul:coomerfans;milkmaid:stufferdb","2026-05-26T10:26:55.218Z","2026-05-26T10:28:32.823Z","1m 33s","413","413","63","0","289","174","0"
"thiccollegegirl","1","milkmaid:stufferdb","2026-05-26T10:28:36.647Z","2026-05-26T10:31:16.759Z","2m 40s","289","289","63","0","107","226","0"
"thickashoney","1","milkmaid:stufferdb","2026-05-26T10:31:23.792Z","2026-05-26T10:31:28.057Z","4s","3","3","0","0","22","3","0"
"tianastummy","1","milkmaid:stufferdb","2026-05-26T10:31:34.137Z","2026-05-26T10:33:53.227Z","2m 19s","312","312","16","0","22","296","0"
"udderly_adorable","1","milkmaid:stufferdb","2026-05-26T10:34:07.448Z","2026-05-26T10:35:52.947Z","1m 45s","188","188","36","0","129","152","0"
"virethealark","1","milkmaid:stufferdb","2026-05-26T10:35:59.442Z","2026-05-26T10:36:59.263Z","1m 0s","119","119","3","0","15","116","0"
"wantstosleepwu","2","hoghaul:reddit;milkmaid:stufferdb","2026-05-26T10:37:03.627Z","2026-05-26T10:37:43.569Z","37s","149","149","0","0","43","145","0"
"abigailgray256","3","hoghaul:reddit;hoghaul:coomerfans;milkmaid:stufferdb","2026-05-26T11:03:17.511Z","2026-05-26T11:07:43.416Z","4m 19s","2121","2121","59","2","1886","332","0"
"acdc34434_laura_fatty","3","hoghaul:kemono;hoghaul:coomerfans;milkmaid:stufferdb","2026-05-26T11:07:48.546Z","2026-05-26T11:47:04.453Z","38m 52s","1667","745","244","23","431","501","0"
"agirlwholikestoeat","3","hoghaul:reddit;hoghaul:kemono;milkmaid:stufferdb","2026-05-26T11:54:27.745Z","2026-05-26T12:00:59.175Z","5m 36s","4954","1037","9","17","310","915","0"
"alissbonyt","1","milkmaid:stufferdb","2026-05-26T12:02:56.725Z","2026-05-26T12:29:42.616Z","26m 46s","1383","1383","67","0","125","1316","3"
"bbw_bonnie","1","hoghaul:coomerfans","2026-05-26T12:39:24.373Z","2026-05-26T13:01:06.176Z","21m 42s","2187","2187","381","45","18","2124","0"
"cakedupkayyla","4","hoghaul:coomerfans;milkmaid:stufferdb","2026-05-26T13:31:52.539Z","2026-05-26T15:24:18.868Z","1h 43m 0s","1155","1155","152","151","714","310","5"
"candii_kayn","1","milkmaid:stufferdb","2026-05-26T15:24:28.996Z","2026-05-26T15:24:29.049Z","0s","0","0","0","0","1","0","0"
"cassandracavallieri","6","hoghaul:coomerfans;milkmaid:stufferdb","2026-05-26T15:25:47.796Z","2026-05-26T15:38:45.342Z","11m 38s","1112","1112","324","330","729","351","0"
"cecehectori","3","hoghaul:coomerfans;milkmaid:stufferdb","2026-05-26T15:40:04.215Z","2026-05-26T16:26:23.260Z","41m 13s","4365","4365","613","613","3676","109","8"
"couchqueenie","2","hoghaul:coomerfans;milkmaid:stufferdb","2026-05-26T16:36:11.824Z","2026-05-26T18:44:57.553Z","2h 2m 52s","4353","4353","1095","894","2171","1454","0"
"feederandfeedee","1","hoghaul:coomerfans","2026-05-26T19:28:54.902Z","2026-05-26T19:34:00.382Z","5m 5s","4601","24","24","0","2","16","0"
