model,tool,source,startIso,lastIso,duration,status,postCount,expected,mediaSeen,images,gifs,videos,queuedVideos,saved,skipped,dupes,failures,sourceDupes,maxGap,maxGapAt,file
"ailihex","hoghaul","reddit","2026-05-26T00:00:55.752Z","2026-05-26T00:00:56.117Z","0s","run_finished","267","266","266","266","0","0","0","0","266","0","0","0","0s","source_posts_loaded->media_seen","hoghaul-run-2026-05-26T00-00-55-751Z.jsonl"
"ailihex","hoghaul","coomerfans","2026-05-26T00:01:05.475Z","2026-05-26T00:01:07.480Z","2s","run_finished","220","267","267","231","0","36","0","0","266","1","0","3","1s","skip_existing_image->duplicate_bitwise","hoghaul-run-2026-05-26T00-01-05-474Z.jsonl"
"ailihex","milkmaid","stufferdb","2026-05-26T00:01:11.250Z","2026-05-26T00:01:26.657Z","15s","no_finish_event","","12","12","10","2","0","0","0","74","12","0","0","3s","run_started->category_run_list_built","milkmaid-run-2026-05-26T00-01-11-249Z.jsonl"
"anybodylost6726","hoghaul","reddit","2026-05-26T00:01:31.829Z","2026-05-26T00:03:49.189Z","2m 17s","run_finished","131","213","213","213","0","0","0","0","0","76","1","0","2s","duplicate_visual->saved_image","hoghaul-run-2026-05-26T00-01-31-829Z.jsonl"
"anybodylost6726","hoghaul","coomerfans","2026-05-26T00:04:07.369Z","2026-05-26T00:21:38.395Z","17m 31s","run_finished","200","288","288","83","0","205","205","205","0","10","0","1","1m 16s","saved_lazy_video->saved_lazy_video","hoghaul-run-2026-05-26T00-04-07-368Z.jsonl"
"anybodylost6726","milkmaid","stufferdb","2026-05-26T00:23:41.188Z","2026-05-26T00:34:49.212Z","11m 8s","no_finish_event","","640","640","640","0","0","0","0","40","640","0","0","10s","duplicate_bitwise->category_page_loaded","milkmaid-run-2026-05-26T00-23-41-187Z.jsonl"
"arilove","milkmaid","stufferdb","2026-05-26T00:34:56.716Z","2026-05-26T00:35:58.568Z","1m 2s","no_finish_event","","82","82","72","0","10","0","0","10","72","0","0","2s","skip_existing_video->media_seen","milkmaid-run-2026-05-26T00-34-56-715Z.jsonl"
"azismiss","hoghaul","coomerfans","2026-05-26T00:36:09.210Z","2026-05-26T00:39:19.363Z","3m 10s","run_finished","80","76","76","48","0","28","28","27","42","7","0","0","54s","saved_lazy_video->saved_lazy_video","hoghaul-run-2026-05-26T00-36-09-209Z.jsonl"
"azismiss","milkmaid","stufferdb","2026-05-26T00:40:04.004Z","2026-05-26T00:41:47.594Z","1m 44s","no_finish_event","","118","118","79","0","39","0","0","42","79","0","0","3s","duplicate_bitwise->media_seen","milkmaid-run-2026-05-26T00-40-04-003Z.jsonl"
"babypinkcow","hoghaul","reddit","2026-05-26T00:41:50.950Z","2026-05-26T00:42:53.782Z","1m 3s","run_finished","79","229","229","190","39","0","0","1","0","193","0","0","1s","media_seen->duplicate_visual_fuzzy","hoghaul-run-2026-05-26T00-41-50-949Z.jsonl"
"babypinkcow","milkmaid","stufferdb","2026-05-26T00:42:59.137Z","2026-05-26T00:43:25.144Z","26s","no_finish_event","","24","24","19","5","0","0","0","0","24","0","0","3s","duplicate_bitwise->media_seen","milkmaid-run-2026-05-26T00-42-59-137Z.jsonl"
"bbw_breanna","milkmaid","stufferdb","2026-05-26T00:43:29.840Z","2026-05-26T00:43:43.042Z","13s","no_finish_event","","12","12","6","0","6","0","0","7","6","0","0","2s","duplicate_bitwise->media_seen","milkmaid-run-2026-05-26T00-43-29-839Z.jsonl"
"bbw_demetra","hoghaul","reddit","2026-05-26T00:43:46.126Z","2026-05-26T00:44:15.678Z","30s","run_finished","66","62","62","62","0","0","0","0","0","30","1","3","1s","media_seen->saved_image","hoghaul-run-2026-05-26T00-43-46-125Z.jsonl"
"bbw_demetra","hoghaul","coomerfans","2026-05-26T00:44:47.341Z","2026-05-26T01:46:01.094Z","1h 1m 14s","run_finished","333","828","828","671","0","157","157","157","671","0","0","0","2m 14s","queued_lazy_video->saved_lazy_video","hoghaul-run-2026-05-26T00-44-47-340Z.jsonl"
"bbw_demetra","milkmaid","stufferdb","2026-05-26T01:52:34.112Z","2026-05-26T01:52:43.174Z","9s","no_finish_event","","","0","0","0","0","0","0","7","0","0","0","5s","run_started->category_run_list_built","milkmaid-run-2026-05-26T01-52-34-111Z.jsonl"
"bbwbellla","hoghaul","reddit","2026-05-26T01:52:49.657Z","2026-05-26T01:54:01.212Z","1m 12s","run_finished","100","174","174","166","8","0","0","5","0","110","16","1","1s","media_seen->media_error","hoghaul-run-2026-05-26T01-52-49-656Z.jsonl"
"bbwbellla","hoghaul","coomerfans","2026-05-26T01:54:36.571Z","2026-05-26T03:48:32.145Z","1h 53m 56s","run_finished","785","2428","2428","1753","0","675","675","674","15","77","0","11","2m 15s","queued_lazy_video->saved_lazy_video","hoghaul-run-2026-05-26T01-54-36-570Z.jsonl"
"bbwbellla","milkmaid","stufferdb","2026-05-26T04:03:23.151Z","2026-05-26T04:03:34.574Z","11s","no_finish_event","","3","3","2","0","1","0","0","12","2","0","0","3s","skip_seen_media->media_seen","milkmaid-run-2026-05-26T04-03-23-150Z.jsonl"
"beccabae","milkmaid","stufferdb","2026-05-26T04:03:38.996Z","2026-05-26T04:05:40.748Z","2m 2s","no_finish_event","","143","143","143","0","0","0","0","722","95","0","0","5s","saved_image->media_seen","milkmaid-run-2026-05-26T04-03-38-996Z.jsonl"
"bella_abbondanza","hoghaul","reddit","2026-05-26T04:05:47.431Z","2026-05-26T04:05:49.219Z","2s","run_finished","2","2","2","2","0","0","0","0","0","0","0","0","1s","media_seen->saved_image","hoghaul-run-2026-05-26T04-05-47-431Z.jsonl"
"bella_abbondanza","hoghaul","coomerfans","2026-05-26T04:06:13.936Z","2026-05-26T05:20:07.834Z","1h 13m 54s","no_finish_event","683","1294","265","0","0","265","265","262","0","0","0","5","2m 49s","queued_lazy_video->saved_lazy_video","hoghaul-run-2026-05-26T04-06-13-935Z.jsonl"
"bella_abbondanza","milkmaid","stufferdb","2026-05-26T05:20:09.475Z","2026-05-26T05:22:00.052Z","1m 51s","no_finish_event","","119","119","100","0","19","0","0","22","100","0","0","5s","category_page_loaded->media_seen","milkmaid-run-2026-05-26T05-20-09-474Z.jsonl"
"bellasky_","hoghaul","reddit","2026-05-26T05:33:44.385Z","2026-05-26T06:00:35.103Z","26m 51s","run_finished","1466","1639","1639","468","1171","0","0","47","0","1545","2","0","38s","media_seen->duplicate_bitwise","hoghaul-run-2026-05-26T05-33-44-384Z.jsonl"
"bellasky_","milkmaid","stufferdb","2026-05-26T06:01:39.852Z","2026-05-26T06:03:25.825Z","1m 46s","no_finish_event","","70","70","70","0","0","0","0","95","70","0","0","7s","skip_seen_media->media_seen","milkmaid-run-2026-05-26T06-01-39-851Z.jsonl"
"bellissimobelly","milkmaid","stufferdb","2026-05-26T06:03:30.426Z","2026-05-26T06:04:02.600Z","32s","no_finish_event","","28","28","28","0","0","0","0","24","28","0","0","3s","duplicate_bitwise->media_seen","milkmaid-run-2026-05-26T06-03-30-425Z.jsonl"
"bigbravebabe","milkmaid","stufferdb","2026-05-26T06:04:06.513Z","2026-05-26T06:04:50.169Z","44s","no_finish_event","","31","31","18","0","13","0","0","13","18","0","0","8s","duplicate_bitwise->duplicate_bitwise","milkmaid-run-2026-05-26T06-04-06-512Z.jsonl"
"bit-chh","milkmaid","stufferdb","2026-05-26T06:04:55.053Z","2026-05-26T06:06:19.121Z","1m 24s","no_finish_event","","68","68","68","0","0","0","0","7","65","0","0","4s","duplicate_bitwise->media_seen","milkmaid-run-2026-05-26T06-04-55-052Z.jsonl"
"blondiee188","milkmaid","stufferdb","2026-05-26T06:06:22.962Z","2026-05-26T06:11:19.112Z","4m 56s","no_finish_event","","231","231","224","7","0","0","0","127","231","0","0","26s","duplicate_bitwise->media_seen","milkmaid-run-2026-05-26T06-06-22-962Z.jsonl"
"bodylovebritt","hoghaul","coomerfans","2026-05-26T06:11:31.340Z","2026-05-26T06:16:17.469Z","4m 46s","run_finished","210","251","251","141","0","110","3","0","246","5","0","1","4m 33s","duplicate_bitwise->duplicate_visual","hoghaul-run-2026-05-26T06-11-31-339Z.jsonl"
"bodylovebritt","milkmaid","stufferdb","2026-05-26T06:16:26.418Z","2026-05-26T06:18:03.957Z","1m 38s","no_finish_event","","83","83","43","0","40","0","0","42","43","0","0","11s","skip_existing_video->media_seen","milkmaid-run-2026-05-26T06-16-26-417Z.jsonl"
"bustyy_b3lle","milkmaid","stufferdb","2026-05-26T06:18:07.703Z","2026-05-26T06:21:13.389Z","3m 6s","no_finish_event","","153","153","129","1","23","3","3","37","130","0","0","7s","duplicate_bitwise->duplicate_bitwise","milkmaid-run-2026-05-26T06-18-07-702Z.jsonl"
"carmen_lafox","milkmaid","stufferdb","2026-05-26T06:21:17.722Z","2026-05-26T06:21:59.473Z","42s","no_finish_event","","17","17","12","0","5","0","0","122","12","0","0","4s","duplicate_bitwise->media_seen","milkmaid-run-2026-05-26T06-21-17-721Z.jsonl"
"cherryxbomb69x","milkmaid","stufferdb","2026-05-26T06:22:02.648Z","2026-05-26T06:22:25.695Z","23s","no_finish_event","","34","34","26","8","0","0","0","0","34","0","0","2s","duplicate_bitwise->media_seen","milkmaid-run-2026-05-26T06-22-02-647Z.jsonl"
"chloe_curvingchloe_bigcuties_","milkmaid","stufferdb","2026-05-26T06:22:29.193Z","2026-05-26T06:30:14.220Z","7m 45s","no_finish_event","","757","757","644","0","113","0","0","123","644","0","0","5s","duplicate_bitwise->media_seen","milkmaid-run-2026-05-26T06-22-29-192Z.jsonl"
"chubbycat666","milkmaid","stufferdb","2026-05-26T06:30:25.057Z","2026-05-26T06:34:07.266Z","3m 42s","no_finish_event","","181","181","145","0","36","0","0","96","145","0","0","5s","skip_seen_media->media_seen","milkmaid-run-2026-05-26T06-30-25-056Z.jsonl"
"chubbychiquita","milkmaid","stufferdb","2026-05-26T06:34:13.261Z","2026-05-26T06:34:38.616Z","25s","no_finish_event","","4","4","3","0","1","1","0","195","0","1","0","3s","skip_seen_media->media_seen","milkmaid-run-2026-05-26T06-34-13-260Z.jsonl"
"chubbychiquita","milkmaid","stufferdb","2026-05-26T06:34:42.648Z","2026-05-26T06:34:53.806Z","11s","no_finish_event","","7","7","7","0","0","0","0","7","0","0","0","4s","skip_seen_media->media_seen","milkmaid-run-2026-05-26T06-34-42-648Z.jsonl"
"cowcake","milkmaid","stufferdb","2026-05-26T06:34:57.303Z","2026-05-26T06:35:45.287Z","48s","no_finish_event","","44","44","26","0","18","0","0","18","26","0","0","5s","duplicate_bitwise->media_seen","milkmaid-run-2026-05-26T06-34-57-303Z.jsonl"
"creative_load_2311","milkmaid","stufferdb","2026-05-26T06:35:49.687Z","2026-05-26T06:35:57.925Z","8s","no_finish_event","","1","1","1","0","0","0","0","10","1","0","0","3s","skip_seen_media->media_seen","milkmaid-run-2026-05-26T06-35-49-686Z.jsonl"
"curvage_casey","milkmaid","stufferdb","2026-05-26T06:36:00.436Z","2026-05-26T06:36:37.896Z","37s","no_finish_event","","24","24","0","0","24","0","0","236","0","0","0","4s","skip_seen_media->category_page_loaded","milkmaid-run-2026-05-26T06-36-00-435Z.jsonl"
"curvage_casey","milkmaid","stufferdb","2026-05-26T06:36:41.586Z","2026-05-26T06:37:03.829Z","22s","no_finish_event","","12","12","12","0","0","0","0","163","11","0","0","3s","skip_seen_media->media_seen","milkmaid-run-2026-05-26T06-36-41-585Z.jsonl"
"curvyberardi","milkmaid","stufferdb","2026-05-26T06:37:06.629Z","2026-05-26T06:39:13.201Z","2m 7s","no_finish_event","","132","132","126","0","6","0","0","6","126","0","0","4s","skip_existing_video->media_seen","milkmaid-run-2026-05-26T06-37-06-629Z.jsonl"
"curvygothgf","hoghaul","coomerfans","2026-05-26T06:39:16.996Z","2026-05-26T06:39:17.003Z","0s","run_finished","1","1","1","1","0","0","0","0","1","0","0","0","0s","source_posts_loaded->media_seen","hoghaul-run-2026-05-26T06-39-16-995Z.jsonl"
"curvygothgf","milkmaid","stufferdb","2026-05-26T06:39:19.536Z","2026-05-26T06:40:20.251Z","1m 1s","no_finish_event","","63","63","55","0","8","0","0","11","55","0","0","3s","skip_permanent->media_seen","milkmaid-run-2026-05-26T06-39-19-536Z.jsonl"
"cutiehex","milkmaid","stufferdb","2026-05-26T06:40:23.307Z","2026-05-26T06:40:37.573Z","14s","no_finish_event","","18","18","18","0","0","0","0","0","18","0","0","3s","duplicate_bitwise->media_seen","milkmaid-run-2026-05-26T06-40-23-306Z.jsonl"
"darya_smirnova","milkmaid","stufferdb","2026-05-26T06:40:40.895Z","2026-05-26T06:44:23.532Z","3m 43s","no_finish_event","","183","183","178","0","5","0","0","7","178","0","0","9s","duplicate_bitwise->media_seen","milkmaid-run-2026-05-26T06-40-40-893Z.jsonl"
"devi_thikk","milkmaid","stufferdb","2026-05-26T06:44:27.571Z","2026-05-26T06:46:08.455Z","1m 41s","no_finish_event","","98","98","42","0","56","0","0","523","42","0","0","5s","skip_seen_media->media_seen","milkmaid-run-2026-05-26T06-44-27-569Z.jsonl"
"distorsion_foodie","milkmaid","stufferdb","2026-05-26T06:46:14.801Z","2026-05-26T06:46:52.531Z","38s","no_finish_event","","43","43","23","20","0","0","1","0","35","0","0","3s","category_run_list_built->category_page_loaded","milkmaid-run-2026-05-26T06-46-14-800Z.jsonl"
"doubledenise","milkmaid","stufferdb","2026-05-26T06:46:57.387Z","2026-05-26T06:52:07.651Z","5m 10s","no_finish_event","","263","263","243","0","20","0","0","150","243","0","0","6s","duplicate_bitwise->media_seen","milkmaid-run-2026-05-26T06-46-57-386Z.jsonl"
"elea-goddess","milkmaid","stufferdb","2026-05-26T06:52:13.324Z","2026-05-26T06:53:56.641Z","1m 43s","no_finish_event","","172","172","150","22","0","0","0","0","171","1","0","4s","duplicate_bitwise->media_seen","milkmaid-run-2026-05-26T06-52-13-323Z.jsonl"
"elea-goddess","milkmaid","stufferdb","2026-05-26T06:54:00.854Z","2026-05-26T06:55:28.433Z","1m 28s","no_finish_event","","175","175","164","6","5","0","0","5","166","0","0","3s","duplicate_bitwise->category_page_loaded","milkmaid-run-2026-05-26T06-54-00-853Z.jsonl"
"electriclolaaa","milkmaid","stufferdb","2026-05-26T06:55:32.424Z","2026-05-26T06:55:40.525Z","8s","no_finish_event","","8","8","8","0","0","0","0","0","7","0","0","3s","duplicate_bitwise->media_seen","milkmaid-run-2026-05-26T06-55-32-423Z.jsonl"
"erika_lipps","milkmaid","stufferdb","2026-05-26T06:55:44.847Z","2026-05-26T06:56:15.477Z","31s","no_finish_event","","31","31","31","0","0","0","0","0","31","0","0","2s","duplicate_bitwise->media_seen","milkmaid-run-2026-05-26T06-55-44-847Z.jsonl"
"fat_ass_ruby","milkmaid","stufferdb","2026-05-26T06:56:19.458Z","2026-05-26T06:57:22.779Z","1m 3s","no_finish_event","","51","51","43","0","8","0","0","17","43","0","0","12s","duplicate_bitwise->media_seen","milkmaid-run-2026-05-26T06-56-19-457Z.jsonl"
"fatmerida","hoghaul","coomerfans","2026-05-26T06:57:34.218Z","2026-05-26T07:49:36.025Z","52m 2s","run_finished","301","448","448","275","0","173","165","165","243","40","0","0","4m 37s","saved_lazy_video->saved_lazy_video","hoghaul-run-2026-05-26T06-57-34-217Z.jsonl"
"fatmerida","milkmaid","stufferdb","2026-05-26T07:58:14.606Z","2026-05-26T07:59:50.076Z","1m 35s","no_finish_event","","106","106","106","0","0","0","0","0","106","0","0","3s","duplicate_bitwise->media_seen","milkmaid-run-2026-05-26T07-58-14-605Z.jsonl"
"fatteningprincess","milkmaid","stufferdb","2026-05-26T07:59:54.203Z","2026-05-26T08:09:19.565Z","9m 25s","no_finish_event","","580","580","579","1","0","0","0","86","580","0","0","5s","duplicate_bitwise->media_seen","milkmaid-run-2026-05-26T07-59-54-202Z.jsonl"
"fattiebaddie","milkmaid","stufferdb","2026-05-26T08:09:28.594Z","2026-05-26T08:09:32.149Z","4s","no_finish_event","","","0","0","0","0","0","0","5","0","0","0","2s","category_run_list_built->category_page_loaded","milkmaid-run-2026-05-26T08-09-28-594Z.jsonl"
"freya","milkmaid","stufferdb","2026-05-26T08:09:34.427Z","2026-05-26T08:10:20.578Z","46s","no_finish_event","","25","25","3","0","22","0","0","453","3","0","0","4s","skip_seen_media->category_page_loaded","milkmaid-run-2026-05-26T08-09-34-427Z.jsonl"
"goddess_shar","milkmaid","stufferdb","2026-05-26T08:10:25.386Z","2026-05-26T08:13:00.291Z","2m 35s","no_finish_event","","205","205","156","0","49","0","0","63","156","0","0","4s","duplicate_bitwise->media_seen","milkmaid-run-2026-05-26T08-10-25-385Z.jsonl"
"gurlinaura","milkmaid","stufferdb","2026-05-26T08:13:09.312Z","2026-05-26T08:17:36.821Z","4m 28s","no_finish_event","","335","335","265","69","1","0","0","1","327","0","0","4s","duplicate_bitwise->category_page_loaded","milkmaid-run-2026-05-26T08-13-09-311Z.jsonl"
"hellysbigfatstash","milkmaid","stufferdb","2026-05-26T08:17:43.493Z","2026-05-26T08:17:46.814Z","3s","no_finish_event","","","0","0","0","0","0","0","4","0","0","0","2s","category_run_list_built->category_page_loaded","milkmaid-run-2026-05-26T08-17-43-492Z.jsonl"
"here_p1ggy","hoghaul","coomerfans","2026-05-26T08:17:50.947Z","2026-05-26T08:20:31.452Z","2m 41s","run_finished","67","296","296","257","0","39","39","39","224","33","0","3","36s","saved_lazy_video->saved_lazy_video","hoghaul-run-2026-05-26T08-17-50-946Z.jsonl"
"here_p1ggy","milkmaid","stufferdb","2026-05-26T08:20:47.086Z","2026-05-26T08:21:51.048Z","1m 4s","no_finish_event","","29","29","10","0","19","0","0","304","10","0","0","3s","skip_seen_media->media_seen","milkmaid-run-2026-05-26T08-20-47-085Z.jsonl"
"heyyadriana","milkmaid","stufferdb","2026-05-26T08:21:53.645Z","2026-05-26T08:22:11.730Z","18s","no_finish_event","","19","19","19","0","0","0","0","0","19","0","0","2s","category_run_list_built->category_page_loaded","milkmaid-run-2026-05-26T08-21-53-644Z.jsonl"
"housecow","hoghaul","coomerfans","2026-05-26T08:22:17.772Z","2026-05-26T08:22:26.698Z","9s","run_finished","111","295","295","246","0","49","0","0","277","18","0","0","1s","media_seen->duplicate_visual_fuzzy","hoghaul-run-2026-05-26T08-22-17-771Z.jsonl"
"housecow","milkmaid","stufferdb","2026-05-26T08:22:33.785Z","2026-05-26T08:22:38.304Z","5s","no_finish_event","","2","2","2","0","0","0","0","44","1","0","0","2s","category_run_list_built->category_page_loaded","milkmaid-run-2026-05-26T08-22-33-784Z.jsonl"
"hungrylilkitty1","milkmaid","stufferdb","2026-05-26T08:22:40.926Z","2026-05-26T08:24:39.461Z","1m 59s","no_finish_event","","118","118","118","0","0","0","0","14","118","0","0","4s","duplicate_bitwise->media_seen","milkmaid-run-2026-05-26T08-22-40-925Z.jsonl"
"jam_jiggle","milkmaid","stufferdb","2026-05-26T08:24:43.005Z","2026-05-26T08:25:18.433Z","35s","no_finish_event","","38","38","23","0","15","0","0","20","23","0","0","2s","duplicate_bitwise->media_seen","milkmaid-run-2026-05-26T08-24-43-005Z.jsonl"
"jasminexo2000","hoghaul","coomerfans","2026-05-26T08:25:29.646Z","2026-05-26T08:27:41.202Z","2m 12s","run_finished","296","191","191","187","0","4","4","4","159","28","0","0","1m 46s","saved_lazy_video->saved_lazy_video","hoghaul-run-2026-05-26T08-25-29-645Z.jsonl"
"jasminexo2000","milkmaid","stufferdb","2026-05-26T08:27:48.469Z","2026-05-26T08:28:58.214Z","1m 10s","no_finish_event","","77","77","73","0","4","0","0","8","73","0","0","3s","duplicate_bitwise->media_seen","milkmaid-run-2026-05-26T08-27-48-468Z.jsonl"
"juicyangel","milkmaid","stufferdb","2026-05-26T08:29:01.615Z","2026-05-26T08:29:22.561Z","21s","no_finish_event","","23","23","13","0","10","0","0","12","13","0","0","2s","skip_seen_media->media_seen","milkmaid-run-2026-05-26T08-29-01-614Z.jsonl"
"kayla_paolini","milkmaid","stufferdb","2026-05-26T08:29:26.635Z","2026-05-26T08:34:48.314Z","5m 22s","no_finish_event","","428","428","298","0","130","0","0","141","298","0","0","13s","duplicate_bitwise->media_seen","milkmaid-run-2026-05-26T08-29-26-634Z.jsonl"
"kitty_piggy","milkmaid","stufferdb","2026-05-26T08:34:57.951Z","2026-05-26T08:39:06.528Z","4m 9s","no_finish_event","","381","381","345","0","36","1","1","304","341","0","0","8s","lazy_video_download_started->saved_lazy_video","milkmaid-run-2026-05-26T08-34-57-950Z.jsonl"
"kkupid05","hoghaul","reddit","2026-05-26T08:39:30.429Z","2026-05-26T08:41:46.467Z","2m 16s","run_finished","150","385","385","384","0","1","1","0","0","279","3","0","1s","media_seen->saved_image","hoghaul-run-2026-05-26T08-39-30-428Z.jsonl"
"lana2002x","milkmaid","stufferdb","2026-05-26T08:41:55.949Z","2026-05-26T08:42:31.601Z","36s","no_finish_event","","19","19","11","0","8","0","0","148","11","0","0","4s","skip_seen_media->media_seen","milkmaid-run-2026-05-26T08-41-55-949Z.jsonl"
"lanabells221","hoghaul","reddit","2026-05-26T08:43:56.426Z","2026-05-26T08:46:54.849Z","2m 58s","no_finish_event","1973","2875","401","0","0","401","401","43","0","356","0","675","4s","queued_lazy_video->duplicate_visual","hoghaul-run-2026-05-26T08-43-56-425Z.jsonl"
"lanabells221","milkmaid","stufferdb","2026-05-26T08:46:56.507Z","2026-05-26T08:49:09.589Z","2m 13s","no_finish_event","","84","84","67","0","17","17","17","114","67","0","0","5s","lazy_video_download_started->saved_lazy_video","milkmaid-run-2026-05-26T08-46-56-506Z.jsonl"
"laura_the_foodie","milkmaid","stufferdb","2026-05-26T08:49:24.314Z","2026-05-26T08:50:23.112Z","59s","no_finish_event","","115","115","98","0","17","0","0","27","98","0","0","2s","category_run_list_built->category_page_loaded","milkmaid-run-2026-05-26T08-49-24-313Z.jsonl"
"laurenlushh","milkmaid","stufferdb","2026-05-26T08:50:28.042Z","2026-05-26T08:50:35.338Z","7s","no_finish_event","","4","4","4","0","0","0","0","4","3","0","0","4s","category_run_list_built->category_page_loaded","milkmaid-run-2026-05-26T08-50-28-041Z.jsonl"
"laurenlushh","milkmaid","stufferdb","2026-05-26T08:50:40.021Z","2026-05-26T08:50:44.880Z","5s","no_finish_event","","1","1","1","0","0","0","0","1","1","0","0","3s","category_run_list_built->category_page_loaded","milkmaid-run-2026-05-26T08-50-40-019Z.jsonl"
"lilmamakay","milkmaid","stufferdb","2026-05-26T08:50:48.391Z","2026-05-26T08:52:01.649Z","1m 13s","no_finish_event","","147","147","135","0","12","0","0","24","135","0","0","2s","duplicate_bitwise->media_seen","milkmaid-run-2026-05-26T08-50-48-390Z.jsonl"
"littlecurvydevil","milkmaid","stufferdb","2026-05-26T08:52:06.608Z","2026-05-26T08:53:07.672Z","1m 1s","no_finish_event","","74","74","48","2","24","1","2","122","49","0","0","6s","lazy_video_download_started->saved_lazy_video","milkmaid-run-2026-05-26T08-52-06-608Z.jsonl"
"livpat3","hoghaul","coomerfans","2026-05-26T08:53:22.587Z","2026-05-26T09:04:02.472Z","10m 40s","run_finished","228","757","757","672","0","85","85","1","671","85","0","3","46s","queued_lazy_video->duplicate_visual","hoghaul-run-2026-05-26T08-53-22-586Z.jsonl"
"livpat3","milkmaid","stufferdb","2026-05-26T09:04:06.329Z","2026-05-26T09:05:04.725Z","58s","no_finish_event","","44","44","37","7","0","0","1","0","38","0","0","7s","duplicate_bitwise->duplicate_bitwise","milkmaid-run-2026-05-26T09-04-06-328Z.jsonl"
"lrm_bbw","hoghaul","coomerfans","2026-05-26T09:05:11.869Z","2026-05-26T09:15:40.598Z","10m 29s","run_finished","134","347","347","289","0","58","58","33","0","314","0","2","58s","duplicate_visual->duplicate_visual","hoghaul-run-2026-05-26T09-05-11-868Z.jsonl"
"lrm_bbw","milkmaid","stufferdb","2026-05-26T09:16:18.596Z","2026-05-26T09:17:28.681Z","1m 10s","no_finish_event","","118","118","118","0","0","0","0","47","117","0","0","2s","skip_seen_media->media_seen","milkmaid-run-2026-05-26T09-16-18-595Z.jsonl"
"mamahorker_amanda_faye","milkmaid","stufferdb","2026-05-26T09:17:47.793Z","2026-05-26T09:20:02.718Z","2m 15s","no_finish_event","","257","257","239","0","18","0","0","87","239","0","0","3s","duplicate_bitwise->media_seen","milkmaid-run-2026-05-26T09-17-47-792Z.jsonl"
"margot_bbw","milkmaid","stufferdb","2026-05-26T09:20:09.155Z","2026-05-26T09:21:32.101Z","1m 23s","no_finish_event","","126","126","69","6","51","0","0","51","75","0","0","5s","skip_existing_video->media_seen","milkmaid-run-2026-05-26T09-20-09-154Z.jsonl"
"maria_alive","milkmaid","stufferdb","2026-05-26T09:21:37.129Z","2026-05-26T09:24:39.362Z","3m 2s","no_finish_event","","379","379","329","1","49","0","0","137","330","0","0","4s","duplicate_bitwise->category_page_loaded","milkmaid-run-2026-05-26T09-21-37-128Z.jsonl"
"mary_boberry","milkmaid","stufferdb","2026-05-26T09:24:46.826Z","2026-05-26T09:26:50.808Z","2m 4s","no_finish_event","","271","271","216","0","55","0","0","62","216","0","0","3s","duplicate_bitwise->category_page_loaded","milkmaid-run-2026-05-26T09-24-46-825Z.jsonl"
"mistress_bianca","milkmaid","stufferdb","2026-05-26T09:26:56.674Z","2026-05-26T09:27:25.227Z","29s","no_finish_event","","54","54","12","15","27","0","0","27","27","0","0","3s","skip_existing_video->media_seen","milkmaid-run-2026-05-26T09-26-56-673Z.jsonl"
"moonikuko","hoghaul","reddit","2026-05-26T09:27:32.283Z","2026-05-26T09:28:19.069Z","47s","run_finished","268","348","348","337","11","0","0","0","0","334","0","4","1s","media_seen->duplicate_bitwise","hoghaul-run-2026-05-26T09-27-32-282Z.jsonl"
"moonikuko","milkmaid","stufferdb","2026-05-26T09:28:22.967Z","2026-05-26T09:28:45.642Z","23s","no_finish_event","","28","28","28","0","0","0","0","0","28","0","0","3s","duplicate_bitwise->media_seen","milkmaid-run-2026-05-26T09-28-22-967Z.jsonl"
"mskristinaxo","milkmaid","stufferdb","2026-05-26T09:28:50.043Z","2026-05-26T09:29:14.873Z","25s","no_finish_event","","47","47","47","0","0","0","0","51","0","0","0","2s","category_run_list_built->category_page_loaded","milkmaid-run-2026-05-26T09-28-50-043Z.jsonl"
"mskristinaxo","milkmaid","stufferdb","2026-05-26T09:29:17.940Z","2026-05-26T09:29:22.486Z","5s","no_finish_event","","2","2","0","0","2","0","0","63","0","0","0","1s","skip_existing_video->skip_seen_media","milkmaid-run-2026-05-26T09-29-17-939Z.jsonl"
"muffinmaid","hoghaul","coomerfans","2026-05-26T09:29:26.085Z","2026-05-26T09:32:50.358Z","3m 24s","run_finished","45","189","189","170","0","19","19","0","168","21","0","0","55s","queued_lazy_video->duplicate_bitwise","hoghaul-run-2026-05-26T09-29-26-084Z.jsonl"
"muffinmaid","milkmaid","stufferdb","2026-05-26T09:32:58.507Z","2026-05-26T09:34:46.147Z","1m 48s","no_finish_event","","115","115","9","0","106","0","0","113","9","0","0","10s","category_run_list_built->category_page_loaded","milkmaid-run-2026-05-26T09-32-58-506Z.jsonl"
"natygetsfatty","hoghaul","coomerfans","2026-05-26T09:35:02.761Z","2026-05-26T09:39:08.649Z","4m 6s","run_finished","116","141","141","125","0","16","16","1","66","74","0","0","37s","duplicate_visual->duplicate_visual","hoghaul-run-2026-05-26T09-35-02-760Z.jsonl"
"natygetsfatty","milkmaid","stufferdb","2026-05-26T09:39:12.436Z","2026-05-26T09:39:34.474Z","22s","no_finish_event","","16","16","8","0","8","0","0","79","8","0","0","3s","category_run_list_built->category_page_loaded","milkmaid-run-2026-05-26T09-39-12-436Z.jsonl"
"nora_ell","milkmaid","stufferdb","2026-05-26T09:39:37.466Z","2026-05-26T09:40:20.748Z","43s","no_finish_event","","81","81","78","0","3","0","0","3","78","0","0","4s","duplicate_bitwise->media_seen","milkmaid-run-2026-05-26T09-39-37-465Z.jsonl"
"paofedee","milkmaid","stufferdb","2026-05-26T09:40:24.997Z","2026-05-26T09:40:48.463Z","23s","no_finish_event","","32","32","29","3","0","0","0","31","1","0","0","3s","category_run_list_built->category_page_loaded","milkmaid-run-2026-05-26T09-40-24-996Z.jsonl"
"passion","milkmaid","stufferdb","2026-05-26T09:40:52.523Z","2026-05-26T09:44:17.442Z","3m 25s","no_finish_event","","394","394","381","0","13","0","0","43","381","0","0","10s","duplicate_bitwise->media_seen","milkmaid-run-2026-05-26T09-40-52-522Z.jsonl"
"piggyjrc","milkmaid","stufferdb","2026-05-26T09:44:23.575Z","2026-05-26T09:44:41.132Z","18s","no_finish_event","","6","6","1","0","5","0","0","24","1","0","0","4s","skip_seen_media->media_seen","milkmaid-run-2026-05-26T09-44-23-574Z.jsonl"
"plumpprincess","milkmaid","stufferdb","2026-05-26T09:44:43.589Z","2026-05-26T09:46:35.037Z","1m 51s","no_finish_event","","213","213","20","0","193","0","0","204","20","0","0","3s","duplicate_bitwise->media_seen","milkmaid-run-2026-05-26T09-44-43-588Z.jsonl"
"pretty_pettybabe","milkmaid","stufferdb","2026-05-26T09:46:46.569Z","2026-05-26T09:47:07.496Z","21s","no_finish_event","","18","18","18","0","0","0","0","31","18","0","0","3s","skip_seen_media->media_seen","milkmaid-run-2026-05-26T09-46-46-568Z.jsonl"
"prettyplsgemini","hoghaul","reddit","2026-05-26T09:47:16.822Z","2026-05-26T09:49:26.744Z","2m 10s","run_finished","764","797","797","319","478","0","0","63","0","654","0","0","1s","media_seen->saved_image","hoghaul-run-2026-05-26T09-47-16-821Z.jsonl"
"ramenslurper","milkmaid","stufferdb","2026-05-26T09:49:45.259Z","2026-05-26T09:50:01.059Z","16s","no_finish_event","","20","20","10","0","10","0","0","14","10","0","0","7s","category_run_list_built->category_page_loaded","milkmaid-run-2026-05-26T09-49-45-258Z.jsonl"
"redheadchubbybunni","milkmaid","stufferdb","2026-05-26T09:50:05.262Z","2026-05-26T09:52:07.668Z","2m 2s","no_finish_event","","131","131","81","0","50","3","3","217","77","0","0","10s","duplicate_bitwise->media_seen","milkmaid-run-2026-05-26T09-50-05-261Z.jsonl"
"ryyds","milkmaid","stufferdb","2026-05-26T09:52:13.998Z","2026-05-26T09:54:08.291Z","1m 54s","no_finish_event","","197","197","191","6","0","0","0","0","182","0","0","3s","duplicate_bitwise->category_page_loaded","milkmaid-run-2026-05-26T09-52-13-997Z.jsonl"
"sabrina_ssbbw","milkmaid","stufferdb","2026-05-26T09:54:16.941Z","2026-05-26T09:55:59.513Z","1m 43s","no_finish_event","","164","164","114","28","22","0","0","423","17","0","0","5s","category_run_list_built->category_page_loaded","milkmaid-run-2026-05-26T09-54-16-940Z.jsonl"
"sexy_curvi","milkmaid","stufferdb","2026-05-26T09:56:07.696Z","2026-05-26T09:56:24.964Z","17s","no_finish_event","","29","29","22","1","6","0","0","6","23","0","0","2s","run_started->category_run_list_built","milkmaid-run-2026-05-26T09-56-07-696Z.jsonl"
"sexy_signature","milkmaid","stufferdb","2026-05-26T09:56:28.964Z","2026-05-26T09:57:29.004Z","1m 0s","no_finish_event","","106","106","76","0","30","0","0","46","76","0","0","3s","category_run_list_built->category_page_loaded","milkmaid-run-2026-05-26T09-56-28-963Z.jsonl"
"sexycreolyta4u","milkmaid","stufferdb","2026-05-26T09:57:33.328Z","2026-05-26T09:58:17.502Z","44s","no_finish_event","","86","86","65","0","21","0","0","38","65","0","0","2s","category_run_list_built->category_page_loaded","milkmaid-run-2026-05-26T09-57-33-327Z.jsonl"
"shymercat","milkmaid","stufferdb","2026-05-26T09:58:23.449Z","2026-05-26T09:58:37.989Z","15s","no_finish_event","","27","27","10","0","17","0","0","17","10","0","0","2s","category_run_list_built->category_page_loaded","milkmaid-run-2026-05-26T09-58-23-449Z.jsonl"
"skylar_bc","milkmaid","stufferdb","2026-05-26T09:58:42.418Z","2026-05-26T10:01:23.161Z","2m 41s","no_finish_event","","258","258","176","0","82","1","0","429","176","1","0","8s","skip_existing_video->media_seen","milkmaid-run-2026-05-26T09-58-42-417Z.jsonl"
"snowangelcake","hoghaul","coomerfans","2026-05-26T10:01:44.800Z","2026-05-26T10:03:15.227Z","1m 30s","run_finished","441","523","523","311","0","212","15","14","493","4","0","0","13s","queued_lazy_video->saved_lazy_video","hoghaul-run-2026-05-26T10-01-44-799Z.jsonl"
"snowangelcake","milkmaid","stufferdb","2026-05-26T10:03:27.048Z","2026-05-26T10:04:44.674Z","1m 18s","no_finish_event","","112","112","112","0","0","0","0","60","110","0","0","4s","category_run_list_built->category_page_loaded","milkmaid-run-2026-05-26T10-03-27-047Z.jsonl"
"sonyabbw","milkmaid","stufferdb","2026-05-26T10:04:48.862Z","2026-05-26T10:05:00.443Z","12s","no_finish_event","","16","16","16","0","0","0","0","1","16","0","0","3s","category_run_list_built->category_page_loaded","milkmaid-run-2026-05-26T10-04-48-861Z.jsonl"
"starphucker","milkmaid","stufferdb","2026-05-26T10:05:04.986Z","2026-05-26T10:06:16.517Z","1m 12s","no_finish_event","","109","109","106","3","0","0","0","91","18","0","0","5s","category_run_list_built->category_page_loaded","milkmaid-run-2026-05-26T10-05-04-985Z.jsonl"
"sweetsp666","hoghaul","coomerfans","2026-05-26T10:06:32.182Z","2026-05-26T10:18:36.487Z","12m 4s","run_finished","248","539","539","328","0","211","131","16","116","407","0","4","23s","queued_lazy_video->duplicate_bitwise","hoghaul-run-2026-05-26T10-06-32-181Z.jsonl"
"sweetsp666","milkmaid","stufferdb","2026-05-26T10:19:18.261Z","2026-05-26T10:20:27.521Z","1m 9s","no_finish_event","","144","144","126","0","18","0","0","28","126","0","0","3s","duplicate_bitwise->media_seen","milkmaid-run-2026-05-26T10-19-18-260Z.jsonl"
"that-fatt-girl_bbw_bethany","milkmaid","stufferdb","2026-05-26T10:20:31.436Z","2026-05-26T10:20:47.579Z","16s","no_finish_event","","16","16","4","0","12","0","0","206","4","0","0","2s","category_run_list_built->category_page_loaded","milkmaid-run-2026-05-26T10-20-31-435Z.jsonl"
"thedumplin","hoghaul","coomerfans","2026-05-26T10:21:09.563Z","2026-05-26T10:23:43.288Z","2m 34s","run_finished","588","794","794","729","0","65","2","0","429","365","0","5","19s","duplicate_visual->duplicate_bitwise","hoghaul-run-2026-05-26T10-21-09-562Z.jsonl"
"thedumplin","milkmaid","stufferdb","2026-05-26T10:23:50.442Z","2026-05-26T10:26:48.082Z","2m 58s","no_finish_event","","285","285","285","0","0","0","0","107","285","0","0","6s","duplicate_bitwise->category_page_loaded","milkmaid-run-2026-05-26T10-23-50-441Z.jsonl"
"theroxyclover","hoghaul","coomerfans","2026-05-26T10:26:55.218Z","2026-05-26T10:26:57.104Z","2s","run_finished","93","239","239","177","0","62","0","0","238","1","0","2","1s","skip_existing_image->duplicate_visual_fuzzy","hoghaul-run-2026-05-26T10-26-55-217Z.jsonl"
"theroxyclover","milkmaid","stufferdb","2026-05-26T10:27:02.196Z","2026-05-26T10:28:32.823Z","1m 31s","no_finish_event","","174","174","173","0","1","0","0","51","173","0","0","3s","duplicate_bitwise->media_seen","milkmaid-run-2026-05-26T10-27-02-196Z.jsonl"
"thiccollegegirl","milkmaid","stufferdb","2026-05-26T10:28:36.647Z","2026-05-26T10:31:16.759Z","2m 40s","no_finish_event","","289","289","225","1","63","0","0","107","226","0","0","4s","duplicate_bitwise->category_page_loaded","milkmaid-run-2026-05-26T10-28-36-646Z.jsonl"
"thickashoney","milkmaid","stufferdb","2026-05-26T10:31:23.792Z","2026-05-26T10:31:28.057Z","4s","no_finish_event","","3","3","3","0","0","0","0","22","3","0","0","2s","category_run_list_built->category_page_loaded","milkmaid-run-2026-05-26T10-31-23-791Z.jsonl"
"tianastummy","milkmaid","stufferdb","2026-05-26T10:31:34.137Z","2026-05-26T10:33:53.227Z","2m 19s","no_finish_event","","312","312","296","0","16","0","0","22","296","0","0","4s","skip_existing_video->category_page_loaded","milkmaid-run-2026-05-26T10-31-34-136Z.jsonl"
"udderly_adorable","milkmaid","stufferdb","2026-05-26T10:34:07.448Z","2026-05-26T10:35:52.947Z","1m 45s","no_finish_event","","188","188","152","0","36","0","0","129","152","0","0","4s","skip_seen_media->media_seen","milkmaid-run-2026-05-26T10-34-07-448Z.jsonl"
"virethealark","milkmaid","stufferdb","2026-05-26T10:35:59.442Z","2026-05-26T10:36:59.263Z","1m 0s","no_finish_event","","119","119","113","3","3","0","0","15","116","0","0","3s","duplicate_bitwise->media_seen","milkmaid-run-2026-05-26T10-35-59-442Z.jsonl"
"wantstosleepwu","hoghaul","reddit","2026-05-26T10:37:03.627Z","2026-05-26T10:37:33.962Z","30s","run_finished","93","143","143","127","16","0","0","0","0","142","0","0","1s","media_seen->duplicate_visual_fuzzy","hoghaul-run-2026-05-26T10-37-03-626Z.jsonl"
"wantstosleepwu","milkmaid","stufferdb","2026-05-26T10:37:36.572Z","2026-05-26T10:37:43.569Z","7s","no_finish_event","","6","6","6","0","0","0","0","43","3","0","0","2s","category_run_list_built->category_page_loaded","milkmaid-run-2026-05-26T10-37-36-572Z.jsonl"
"abigailgray256","hoghaul","reddit","2026-05-26T11:03:17.511Z","2026-05-26T11:04:28.320Z","1m 11s","run_finished","1302","1715","1715","1660","1","54","1","1","1714","0","0","266","3s","skip_seen_media->saved_lazy_video","hoghaul-run-2026-05-26T11-03-17-509Z.jsonl"
"abigailgray256","hoghaul","coomerfans","2026-05-26T11:04:31.967Z","2026-05-26T11:04:38.325Z","6s","run_finished","25","73","73","69","0","4","0","0","73","0","0","0","0s","skip_seen_media->media_seen","hoghaul-run-2026-05-26T11-04-31-966Z.jsonl"
"abigailgray256","milkmaid","stufferdb","2026-05-26T11:04:41.190Z","2026-05-26T11:07:43.416Z","3m 2s","no_finish_event","","333","333","332","0","1","1","1","99","332","0","0","8s","lazy_video_download_started->saved_lazy_video","milkmaid-run-2026-05-26T11-04-41-189Z.jsonl"
"acdc34434_laura_fatty","hoghaul","kemono","2026-05-26T11:07:48.546Z","2026-05-26T11:07:48.563Z","0s","no_finish_event","193","219","0","0","0","0","0","0","0","0","0","3","0s","source_media_deduped->run_error","hoghaul-run-2026-05-26T11-07-48-537Z.jsonl"
"acdc34434_laura_fatty","hoghaul","coomerfans","2026-05-26T11:08:08.542Z","2026-05-26T11:35:50.915Z","27m 42s","no_finish_event","384","923","220","0","0","220","25","23","195","0","0","0","19m 6s","saved_lazy_video->run_error","hoghaul-run-2026-05-26T11-08-08-541Z.jsonl"
"acdc34434_laura_fatty","milkmaid","stufferdb","2026-05-26T11:35:54.768Z","2026-05-26T11:47:04.453Z","11m 10s","no_finish_event","","525","525","501","0","24","0","0","236","501","0","0","8s","skip_seen_media->media_seen","milkmaid-run-2026-05-26T11-35-54-767Z.jsonl"
"agirlwholikestoeat","hoghaul","reddit","2026-05-26T11:54:27.745Z","2026-05-26T11:59:15.464Z","4m 48s","run_finished","1006","1019","1019","893","126","0","0","17","0","907","0","0","1s","media_seen->saved_image","hoghaul-run-2026-05-26T11-54-27-744Z.jsonl"
"agirlwholikestoeat","hoghaul","kemono","2026-05-26T11:59:36.057Z","2026-05-26T11:59:36.060Z","0s","no_finish_event","1131","3917","0","0","0","0","0","0","0","0","0","114","0s","source_media_deduped->run_error","hoghaul-run-2026-05-26T11-59-36-056Z.jsonl"
"agirlwholikestoeat","milkmaid","stufferdb","2026-05-26T12:00:11.046Z","2026-05-26T12:00:59.175Z","48s","no_finish_event","","18","18","9","0","9","0","0","310","8","0","0","4s","skip_seen_media->media_seen","milkmaid-run-2026-05-26T12-00-11-045Z.jsonl"
"ailihex","hoghaul","reddit","2026-05-26T12:01:06.427Z","2026-05-26T12:01:06.798Z","0s","run_finished","267","266","266","266","0","0","0","0","266","0","0","0","0s","source_posts_loaded->media_seen","hoghaul-run-2026-05-26T12-01-06-426Z.jsonl"
"ailihex","hoghaul","coomerfans","2026-05-26T12:01:14.477Z","2026-05-26T12:01:17.481Z","3s","run_finished","220","266","266","230","0","36","0","0","264","2","0","4","1s","duplicate_bitwise->duplicate_visual_fuzzy","hoghaul-run-2026-05-26T12-01-14-477Z.jsonl"
"ailihex","milkmaid","stufferdb","2026-05-26T12:01:19.736Z","2026-05-26T12:01:31.853Z","12s","no_finish_event","","12","12","10","2","0","0","0","74","12","0","0","3s","category_run_list_built->category_page_loaded","milkmaid-run-2026-05-26T12-01-19-735Z.jsonl"
"alissbonyt","milkmaid","stufferdb","2026-05-26T12:02:56.725Z","2026-05-26T12:29:42.616Z","26m 46s","no_finish_event","","1383","1383","1316","0","67","3","0","125","1316","3","0","23s","duplicate_bitwise->media_seen","milkmaid-run-2026-05-26T12-02-56-724Z.jsonl"
"anybodylost6726","hoghaul","reddit","2026-05-26T12:30:11.392Z","2026-05-26T12:30:16.588Z","5s","run_finished","131","213","213","213","0","0","0","0","212","0","0","0","4s","skip_seen_media->saved_image","hoghaul-run-2026-05-26T12-30-11-391Z.jsonl"
"anybodylost6726","hoghaul","coomerfans","2026-05-26T12:30:23.930Z","2026-05-26T12:30:28.836Z","5s","run_finished","200","288","288","83","0","205","0","0","283","5","0","1","1s","skip_existing_image->duplicate_visual_fuzzy","hoghaul-run-2026-05-26T12-30-23-929Z.jsonl"
"anybodylost6726","milkmaid","stufferdb","2026-05-26T12:30:31.915Z","2026-05-26T12:36:17.103Z","5m 45s","no_finish_event","","640","640","640","0","0","0","0","40","640","0","0","7s","duplicate_bitwise->media_seen","milkmaid-run-2026-05-26T12-30-31-914Z.jsonl"
"arilove","milkmaid","stufferdb","2026-05-26T12:36:23.150Z","2026-05-26T12:37:16.498Z","53s","no_finish_event","","82","82","72","0","10","0","0","10","72","0","0","8s","duplicate_bitwise->media_seen","milkmaid-run-2026-05-26T12-36-23-149Z.jsonl"
"azismiss","hoghaul","coomerfans","2026-05-26T12:37:21.741Z","2026-05-26T12:37:23.483Z","2s","run_finished","80","76","76","48","0","28","0","0","73","3","0","0","1s","duplicate_visual->duplicate_visual","hoghaul-run-2026-05-26T12-37-21-739Z.jsonl"
"azismiss","milkmaid","stufferdb","2026-05-26T12:37:26.508Z","2026-05-26T12:38:22.997Z","56s","no_finish_event","","118","118","79","0","39","0","0","42","79","0","0","3s","category_run_list_built->category_page_loaded","milkmaid-run-2026-05-26T12-37-26-507Z.jsonl"
"babypinkcow","hoghaul","reddit","2026-05-26T12:38:26.277Z","2026-05-26T12:38:28.437Z","2s","run_finished","79","229","229","190","39","0","0","0","229","0","0","0","0s","skip_seen_media->media_seen","hoghaul-run-2026-05-26T12-38-26-276Z.jsonl"
"babypinkcow","milkmaid","stufferdb","2026-05-26T12:38:30.957Z","2026-05-26T12:38:46.541Z","16s","no_finish_event","","24","24","19","5","0","0","0","0","24","0","0","2s","duplicate_bitwise->media_seen","milkmaid-run-2026-05-26T12-38-30-956Z.jsonl"
"bbw_bonnie","hoghaul","coomerfans","2026-05-26T12:39:24.373Z","2026-05-26T13:01:06.176Z","21m 42s","run_finished","1223","2187","2187","1806","0","381","381","45","18","2124","0","5","30s","queued_lazy_video->duplicate_visual","hoghaul-run-2026-05-26T12-39-24-369Z.jsonl"
"bbw_breanna","milkmaid","stufferdb","2026-05-26T13:01:15.618Z","2026-05-26T13:01:26.765Z","11s","no_finish_event","","12","12","6","0","6","0","0","7","6","0","0","4s","run_started->category_run_list_built","milkmaid-run-2026-05-26T13-01-15-617Z.jsonl"
"bbw_demetra","hoghaul","reddit","2026-05-26T13:01:31.121Z","2026-05-26T13:01:31.340Z","0s","run_finished","66","62","62","62","0","0","0","0","61","0","1","3","0s","skip_seen_media->media_error","hoghaul-run-2026-05-26T13-01-31-120Z.jsonl"
"bbw_demetra","hoghaul","coomerfans","2026-05-26T13:01:49.093Z","2026-05-26T13:01:55.159Z","6s","run_finished","333","828","828","671","0","157","0","0","828","0","0","0","0s","skip_existing_image->media_seen","hoghaul-run-2026-05-26T13-01-49-093Z.jsonl"
"bbw_demetra","milkmaid","stufferdb","2026-05-26T13:01:59.067Z","2026-05-26T13:02:02.312Z","3s","no_finish_event","","","0","0","0","0","0","0","7","0","0","0","2s","category_run_list_built->category_page_loaded","milkmaid-run-2026-05-26T13-01-59-067Z.jsonl"
"bbwbellla","hoghaul","reddit","2026-05-26T13:02:05.679Z","2026-05-26T13:02:16.941Z","11s","run_finished","100","174","174","166","8","0","0","1","158","5","0","1","1s","media_seen->saved_image","hoghaul-run-2026-05-26T13-02-05-678Z.jsonl"
"bbwbellla","hoghaul","coomerfans","2026-05-26T13:02:47.261Z","2026-05-26T13:03:55.722Z","1m 8s","run_finished","785","2428","2428","1753","0","675","0","0","2391","33","4","11","1s","media_seen->duplicate_visual_fuzzy","hoghaul-run-2026-05-26T13-02-47-260Z.jsonl"
"bbwbellla","milkmaid","stufferdb","2026-05-26T13:03:58.899Z","2026-05-26T13:04:04.863Z","6s","no_finish_event","","3","3","2","0","1","0","0","12","2","0","0","2s","category_run_list_built->category_page_loaded","milkmaid-run-2026-05-26T13-03-58-898Z.jsonl"
"beccabae","milkmaid","stufferdb","2026-05-26T13:04:13.608Z","2026-05-26T13:05:48.086Z","1m 34s","no_finish_event","","96","96","96","0","0","0","0","769","96","0","0","6s","skip_seen_media->media_seen","milkmaid-run-2026-05-26T13-04-13-607Z.jsonl"
"bella_abbondanza","hoghaul","reddit","2026-05-26T13:05:50.756Z","2026-05-26T13:05:50.767Z","0s","run_finished","2","2","2","2","0","0","0","0","2","0","0","0","0s","media_seen->skip_seen_media","hoghaul-run-2026-05-26T13-05-50-754Z.jsonl"
"bella_abbondanza","hoghaul","coomerfans","2026-05-26T13:06:19.991Z","2026-05-26T13:21:14.929Z","14m 55s","run_finished","683","1296","1296","1031","0","265","3","3","264","4","0","3","1m 4s","skip_seen_media->saved_lazy_video","hoghaul-run-2026-05-26T13-06-19-990Z.jsonl"
"bella_abbondanza","milkmaid","stufferdb","2026-05-26T13:22:39.490Z","2026-05-26T13:24:01.730Z","1m 22s","no_finish_event","","119","119","100","0","19","0","0","22","100","0","0","21s","category_run_list_built->category_page_loaded","milkmaid-run-2026-05-26T13-22-39-489Z.jsonl"
"bellasky_","hoghaul","reddit","2026-05-26T13:24:21.902Z","2026-05-26T13:24:31.603Z","10s","run_finished","1466","1639","1639","468","1171","0","0","0","1637","1","1","0","1s","media_error->duplicate_bitwise","hoghaul-run-2026-05-26T13-24-21-901Z.jsonl"
"bellasky_","milkmaid","stufferdb","2026-05-26T13:24:37.017Z","2026-05-26T13:25:21.130Z","44s","no_finish_event","","70","70","70","0","0","0","0","95","70","0","0","2s","category_run_list_built->category_page_loaded","milkmaid-run-2026-05-26T13-24-37-016Z.jsonl"
"bellissimobelly","milkmaid","stufferdb","2026-05-26T13:25:25.373Z","2026-05-26T13:25:42.282Z","17s","no_finish_event","","28","28","28","0","0","0","0","24","28","0","0","2s","category_run_list_built->category_page_loaded","milkmaid-run-2026-05-26T13-25-25-373Z.jsonl"
"bigbravebabe","milkmaid","stufferdb","2026-05-26T13:25:46.308Z","2026-05-26T13:26:01.527Z","15s","no_finish_event","","31","31","18","0","13","0","0","13","18","0","0","2s","duplicate_bitwise->media_seen","milkmaid-run-2026-05-26T13-25-46-307Z.jsonl"
"bit-chh","milkmaid","stufferdb","2026-05-26T13:26:05.246Z","2026-05-26T13:26:54.672Z","49s","no_finish_event","","65","65","65","0","0","0","0","10","65","0","0","6s","run_started->category_run_list_built","milkmaid-run-2026-05-26T13-26-05-245Z.jsonl"
"blondiee188","milkmaid","stufferdb","2026-05-26T13:27:00.052Z","2026-05-26T13:29:12.349Z","2m 12s","no_finish_event","","231","231","224","7","0","0","0","127","231","0","0","6s","category_run_list_built->category_page_loaded","milkmaid-run-2026-05-26T13-27-00-051Z.jsonl"
"bodylovebritt","hoghaul","coomerfans","2026-05-26T13:29:22.869Z","2026-05-26T13:29:24.083Z","1s","run_finished","210","251","251","141","0","110","0","0","250","1","0","1","1s","skip_seen_media->duplicate_visual","hoghaul-run-2026-05-26T13-29-22-868Z.jsonl"
"bodylovebritt","milkmaid","stufferdb","2026-05-26T13:29:29.089Z","2026-05-26T13:30:11.708Z","43s","no_finish_event","","82","82","43","0","39","0","0","41","43","0","0","2s","skip_existing_video->media_seen","milkmaid-run-2026-05-26T13-29-29-088Z.jsonl"
"bustyy_b3lle","milkmaid","stufferdb","2026-05-26T13:30:15.918Z","2026-05-26T13:31:35.513Z","1m 20s","no_finish_event","","150","150","129","1","20","0","0","40","130","0","0","2s","category_run_list_built->category_page_loaded","milkmaid-run-2026-05-26T13-30-15-917Z.jsonl"
"cakedupkayyla","hoghaul","coomerfans","2026-05-26T13:31:52.539Z","2026-05-26T15:10:22.160Z","1h 38m 30s","run_finished","385","958","958","807","0","151","151","151","688","114","5","3","7m 20s","queued_lazy_video->saved_lazy_video","hoghaul-run-2026-05-26T13-31-52-538Z.jsonl"
"cakedupkayyla","milkmaid","stufferdb","2026-05-26T15:19:40.953Z","2026-05-26T15:19:53.997Z","13s","no_finish_event","","3","3","3","0","0","0","0","16","3","0","0","5s","skip_seen_media->media_seen","milkmaid-run-2026-05-26T15-19-40-952Z.jsonl"
"cakedupkayyla","milkmaid","stufferdb","2026-05-26T15:19:57.167Z","2026-05-26T15:22:00.793Z","2m 4s","no_finish_event","","93","93","93","0","0","0","0","6","93","0","0","8s","skip_seen_media->media_seen","milkmaid-run-2026-05-26T15-19-57-166Z.jsonl"
"cakedupkayyla","milkmaid","stufferdb","2026-05-26T15:22:05.699Z","2026-05-26T15:24:18.868Z","2m 13s","no_finish_event","","101","101","100","0","1","0","0","4","100","0","0","6s","duplicate_bitwise->media_seen","milkmaid-run-2026-05-26T15-22-05-698Z.jsonl"
"candii_kayn","milkmaid","stufferdb","2026-05-26T15:24:28.996Z","2026-05-26T15:24:29.049Z","0s","no_finish_event","","","0","0","0","0","0","0","1","0","0","0","0s","direct_picture_run_built->skip_seen_media","milkmaid-run-2026-05-26T15-24-28-995Z.jsonl"
"carmen_lafox","milkmaid","stufferdb","2026-05-26T15:24:35.805Z","2026-05-26T15:24:57.145Z","21s","no_finish_event","","17","17","12","0","5","0","0","122","12","0","0","3s","category_run_list_built->category_page_loaded","milkmaid-run-2026-05-26T15-24-35-804Z.jsonl"
"cassandracavallieri","hoghaul","coomerfans","2026-05-26T15:25:47.796Z","2026-05-26T15:33:59.986Z","8m 12s","run_finished","1013","1025","1025","701","0","324","324","322","429","274","0","41","10s","saved_lazy_video->saved_lazy_video","hoghaul-run-2026-05-26T15-25-47-795Z.jsonl"
"cassandracavallieri","milkmaid","stufferdb","2026-05-26T15:35:02.613Z","2026-05-26T15:35:31.630Z","29s","no_finish_event","","7","7","7","0","0","0","0","176","7","0","0","5s","skip_seen_media->media_seen","milkmaid-run-2026-05-26T15-35-02-612Z.jsonl"
"cassandracavallieri","milkmaid","stufferdb","2026-05-26T15:35:34.619Z","2026-05-26T15:36:01.044Z","26s","no_finish_event","","17","17","17","0","0","0","0","1","17","0","0","4s","duplicate_bitwise->media_seen","milkmaid-run-2026-05-26T15-35-34-618Z.jsonl"
"cassandracavallieri","milkmaid","stufferdb","2026-05-26T15:36:03.815Z","2026-05-26T15:36:14.009Z","10s","no_finish_event","","3","3","3","0","0","0","0","26","3","0","0","4s","category_run_list_built->category_page_loaded","milkmaid-run-2026-05-26T15-36-03-814Z.jsonl"
"cassandracavallieri","milkmaid","stufferdb","2026-05-26T15:36:16.537Z","2026-05-26T15:37:28.548Z","1m 12s","no_finish_event","","13","13","4","9","0","0","8","97","3","0","0","51s","skip_seen_media->saved_gif","milkmaid-run-2026-05-26T15-36-16-536Z.jsonl"
"cassandracavallieri","milkmaid","stufferdb","2026-05-26T15:37:36.758Z","2026-05-26T15:38:45.342Z","1m 9s","no_finish_event","","47","47","47","0","0","0","0","0","47","0","0","6s","duplicate_bitwise->media_seen","milkmaid-run-2026-05-26T15-37-36-758Z.jsonl"
"cecehectori","hoghaul","coomerfans","2026-05-26T15:40:04.215Z","2026-05-26T16:21:10.962Z","41m 7s","run_finished","1200","4365","4365","3752","0","613","613","613","3635","109","8","2","1m 11s","queued_lazy_video->saved_lazy_video","hoghaul-run-2026-05-26T15-40-04-214Z.jsonl"
"cecehectori","milkmaid","stufferdb","2026-05-26T16:26:13.871Z","2026-05-26T16:26:15.955Z","2s","no_finish_event","","","0","0","0","0","0","0","1","0","0","0","1s","category_run_list_built->category_page_loaded","milkmaid-run-2026-05-26T16-26-13-871Z.jsonl"
"cecehectori","milkmaid","stufferdb","2026-05-26T16:26:19.028Z","2026-05-26T16:26:23.260Z","4s","no_finish_event","","","0","0","0","0","0","0","40","0","0","0","2s","category_run_list_built->category_page_loaded","milkmaid-run-2026-05-26T16-26-19-028Z.jsonl"
"cherryxbomb69x","milkmaid","stufferdb","2026-05-26T16:26:25.802Z","2026-05-26T16:26:47.047Z","21s","no_finish_event","","34","34","26","8","0","0","0","0","34","0","0","2s","category_run_list_built->category_page_loaded","milkmaid-run-2026-05-26T16-26-25-801Z.jsonl"
"chloe_curvingchloe_bigcuties_","milkmaid","stufferdb","2026-05-26T16:26:50.691Z","2026-05-26T16:32:57.716Z","6m 7s","no_finish_event","","757","757","644","0","113","0","0","123","644","0","0","6s","skip_existing_video->media_seen","milkmaid-run-2026-05-26T16-26-50-690Z.jsonl"
"chubbycat666","milkmaid","stufferdb","2026-05-26T16:33:03.016Z","2026-05-26T16:34:35.764Z","1m 33s","no_finish_event","","180","180","145","0","35","0","0","95","145","0","0","3s","duplicate_bitwise->category_page_loaded","milkmaid-run-2026-05-26T16-33-03-015Z.jsonl"
"chubbychiquita","milkmaid","stufferdb","2026-05-26T16:34:40.058Z","2026-05-26T16:34:47.144Z","7s","no_finish_event","","1","1","0","0","1","1","0","198","0","1","0","3s","category_run_list_built->category_page_loaded","milkmaid-run-2026-05-26T16-34-40-057Z.jsonl"
"chubbychiquita","milkmaid","stufferdb","2026-05-26T16:34:49.415Z","2026-05-26T16:34:56.678Z","7s","no_finish_event","","7","7","7","0","0","0","0","7","0","0","0","3s","category_run_list_built->category_page_loaded","milkmaid-run-2026-05-26T16-34-49-414Z.jsonl"
"couchqueenie","hoghaul","coomerfans","2026-05-26T16:36:11.824Z","2026-05-26T17:44:07.847Z","1h 7m 56s","run_finished","1993","3342","3342","2322","0","1020","1020","893","1931","518","0","104","22s","queued_lazy_video->saved_lazy_video","hoghaul-run-2026-05-26T16-36-11-823Z.jsonl"
"couchqueenie","milkmaid","stufferdb","2026-05-26T17:50:01.286Z","2026-05-26T18:44:57.553Z","54m 56s","no_finish_event","","1011","1011","935","1","75","1","1","240","936","0","0","37s","duplicate_bitwise->media_seen","milkmaid-run-2026-05-26T17-50-01-285Z.jsonl"
"cowcake","milkmaid","stufferdb","2026-05-26T18:45:18.143Z","2026-05-26T18:47:49.670Z","2m 32s","no_finish_event","","44","44","26","0","18","0","0","18","26","0","0","28s","category_run_list_built->category_page_loaded","milkmaid-run-2026-05-26T18-45-18-142Z.jsonl"
"creative_load_2311","milkmaid","stufferdb","2026-05-26T18:48:05.893Z","2026-05-26T18:48:49.772Z","44s","no_finish_event","","1","1","1","0","0","0","0","10","1","0","0","19s","run_started->category_run_list_built","milkmaid-run-2026-05-26T18-48-05-893Z.jsonl"
"curvage_casey","milkmaid","stufferdb","2026-05-26T18:48:58.716Z","2026-05-26T18:49:48.499Z","50s","no_finish_event","","23","23","0","0","23","0","0","235","0","0","0","17s","skip_seen_media->category_page_loaded","milkmaid-run-2026-05-26T18-48-58-715Z.jsonl"
"curvage_casey","milkmaid","stufferdb","2026-05-26T18:49:58.676Z","2026-05-26T18:51:04.412Z","1m 6s","no_finish_event","","12","12","12","0","0","0","0","163","11","0","0","15s","category_run_list_built->category_page_loaded","milkmaid-run-2026-05-26T18-49-58-675Z.jsonl"
"curvyberardi","milkmaid","stufferdb","2026-05-26T18:51:15.691Z","2026-05-26T18:55:56.891Z","4m 41s","no_finish_event","","132","132","126","0","6","0","0","6","126","0","0","12s","category_run_list_built->category_page_loaded","milkmaid-run-2026-05-26T18-51-15-690Z.jsonl"
"curvygothgf","hoghaul","coomerfans","2026-05-26T18:56:00.946Z","2026-05-26T18:56:00.953Z","0s","run_finished","1","1","1","1","0","0","0","0","1","0","0","0","0s","source_posts_loaded->media_seen","hoghaul-run-2026-05-26T18-56-00-946Z.jsonl"
"curvygothgf","milkmaid","stufferdb","2026-05-26T18:56:09.089Z","2026-05-26T18:58:33.368Z","2m 24s","no_finish_event","","63","63","55","0","8","0","0","11","55","0","0","14s","category_run_list_built->category_page_loaded","milkmaid-run-2026-05-26T18-56-09-088Z.jsonl"
"cutiehex","milkmaid","stufferdb","2026-05-26T18:58:46.942Z","2026-05-26T18:59:38.959Z","52s","no_finish_event","","18","18","18","0","0","0","0","0","18","0","0","19s","category_run_list_built->category_page_loaded","milkmaid-run-2026-05-26T18-58-46-941Z.jsonl"
"darya_smirnova","milkmaid","stufferdb","2026-05-26T18:59:44.371Z","2026-05-26T19:04:10.115Z","4m 26s","no_finish_event","","183","183","178","0","5","0","0","7","178","0","0","14s","duplicate_bitwise->media_seen","milkmaid-run-2026-05-26T18-59-44-371Z.jsonl"
"devi_thikk","milkmaid","stufferdb","2026-05-26T19:04:15.877Z","2026-05-26T19:07:33.882Z","3m 18s","no_finish_event","","99","99","42","0","57","0","0","524","42","0","0","22s","category_run_list_built->category_page_loaded","milkmaid-run-2026-05-26T19-04-15-876Z.jsonl"
"distorsion_foodie","milkmaid","stufferdb","2026-05-26T19:07:47.708Z","2026-05-26T19:08:41.314Z","54s","no_finish_event","","35","35","16","19","0","0","0","8","35","0","0","13s","category_run_list_built->category_page_loaded","milkmaid-run-2026-05-26T19-07-47-707Z.jsonl"
"doubledenise","milkmaid","stufferdb","2026-05-26T19:08:45.285Z","2026-05-26T19:14:08.418Z","5m 23s","no_finish_event","","263","263","243","0","20","0","0","150","243","0","0","17s","duplicate_bitwise->media_seen","milkmaid-run-2026-05-26T19-08-45-284Z.jsonl"
"elea-goddess","milkmaid","stufferdb","2026-05-26T19:14:12.191Z","2026-05-26T19:15:53.638Z","1m 41s","no_finish_event","","172","172","150","22","0","0","0","0","172","0","0","6s","run_started->category_run_list_built","milkmaid-run-2026-05-26T19-14-12-190Z.jsonl"
"elea-goddess","milkmaid","stufferdb","2026-05-26T19:15:59.328Z","2026-05-26T19:17:39.515Z","1m 40s","no_finish_event","","171","171","160","6","5","0","0","9","166","0","0","4s","duplicate_bitwise->media_seen","milkmaid-run-2026-05-26T19-15-59-327Z.jsonl"
"electriclolaaa","milkmaid","stufferdb","2026-05-26T19:17:46.682Z","2026-05-26T19:17:58.165Z","11s","no_finish_event","","7","7","7","0","0","0","0","1","7","0","0","4s","skip_seen_media->media_seen","milkmaid-run-2026-05-26T19-17-46-681Z.jsonl"
"erika_lipps","milkmaid","stufferdb","2026-05-26T19:18:01.427Z","2026-05-26T19:18:17.429Z","16s","no_finish_event","","31","31","31","0","0","0","0","0","31","0","0","1s","duplicate_bitwise->media_seen","milkmaid-run-2026-05-26T19-18-01-427Z.jsonl"
"fat_ass_ruby","milkmaid","stufferdb","2026-05-26T19:18:23.361Z","2026-05-26T19:18:49.636Z","26s","no_finish_event","","51","51","43","0","8","0","0","17","43","0","0","2s","category_run_list_built->category_page_loaded","milkmaid-run-2026-05-26T19-18-23-361Z.jsonl"
"fatmerida","hoghaul","coomerfans","2026-05-26T19:19:06.286Z","2026-05-26T19:19:19.007Z","13s","run_finished","301","448","448","275","0","173","0","0","428","20","0","0","1s","media_seen->duplicate_visual_fuzzy","hoghaul-run-2026-05-26T19-19-06-285Z.jsonl"
"fatmerida","milkmaid","stufferdb","2026-05-26T19:19:21.829Z","2026-05-26T19:20:28.912Z","1m 7s","no_finish_event","","106","106","106","0","0","0","0","0","106","0","0","4s","duplicate_bitwise->media_seen","milkmaid-run-2026-05-26T19-19-21-828Z.jsonl"
"fatteningprincess","milkmaid","stufferdb","2026-05-26T19:20:33.724Z","2026-05-26T19:26:40.618Z","6m 7s","no_finish_event","","580","580","579","1","0","0","0","86","580","0","0","6s","duplicate_bitwise->media_seen","milkmaid-run-2026-05-26T19-20-33-723Z.jsonl"
"fattiebaddie","milkmaid","stufferdb","2026-05-26T19:26:46.202Z","2026-05-26T19:26:50.048Z","4s","no_finish_event","","","0","0","0","0","0","0","5","0","0","0","3s","category_run_list_built->category_page_loaded","milkmaid-run-2026-05-26T19-26-46-201Z.jsonl"
"feederandfeedee","hoghaul","coomerfans","2026-05-26T19:28:54.902Z","2026-05-26T19:34:00.382Z","5m 5s","running_or_recent","872","4601","24","0","0","24","22","0","2","16","0","13","1m 56s","queued_lazy_video->duplicate_bitwise","hoghaul-run-2026-05-26T19-28-54-901Z.jsonl"
